"","SeqID","Seq"
"1","seq.1","TACGGAGGATGCGAGCGTTATCCGGATTTATTGGGTTTAAAGGGTGCGCAGGCGGAAGATCAAGTCAGCGGTAAAATTGAGAGGCTCAACCTCTTCGAGCCGTTGAAACTGGTTTTCTTGAGTGAGCGAGAAGTATGCGGAATGCGTGGTGTAGCGGTGAAATGCATAGATATCACGCAGAACTCCGATTGCGAAGGCAGCATACCGGCGCTCAACTGACGCTCATGCACGAAAGTGTGGGTATCGAACAGG"
"2","seq.2","TACGGAGGATGCGAGCGTTATCCGGATTTATTGGGTTTAAAGGGTGCGCAGGCGGACTCTCAAGTCAGCGGTCAAATCGCGGGGCTCAACCCCGTTCCGCCGTTGAAACTGGGAGCCTTGAGTGCGCGAGAAGTAGGCGGAATGCGTGGTGTAGCGGTGAAATGCATAGATATCACGCAGAACTCCGATTGCGAAGGCAGCCTACCGGCGCGCAACTGACGCTCATGCACGAAAGCGTGGGTATCGAACAGG"
"3","seq.3","TACGGAGGATGCGAGCGTTATCCGGATTTATTGGGTTTAAAGGGTGCGTAGGCGGGCTGTTAAGTCAGCGGTCAAATGTCGGGGCTCAACCCCGGCCTGCCGTTGAAACTGGCGGCCTCGAGTGGGCGAGAAGTATGCGGAATGCGTGGTGTAGCGGTGAAATGCATAGATATCACGCAGAACTCCGATTGCGAAGGCAGCATACCGGCGCCCGACTGACGCTGAGGCACGAAAGCGTGGGTATCGAACAGG"
"4","seq.4","TACGGAGGATGCGAGCGTTATCCGGATTTATTGGGTTTAAAGGGTGCGTAGGCGGGCTTTTAAGTCAGCGGTAAAAATTCGGGGCTCAACCCCGTCCGGCCGTTGAAACTGGGGGCCTTGAGTGGGCGAGAAGAAGGCGGAATGCGTGGTGTAGCGGTGAAATGCATAGATATCACGCAGAACCCCGATTGCGAAGGCAGCCTTCCGGCGCCCTACTGACGCTGAGGCACGAAAGTGCGGGGATCGAACAGG"
"5","seq.5","TACGGAGGATCCGAGCGTTATCCGGATTTATTGGGTTTAAAGGGAGCGTAGGTGGATTGTTAAGTCAGTTGTGAAAGTTTGCGGCTCAACCGTAAAATTGCAGTTGAAACTGGCAGTCTTGAGTACAGTAGAGGTGGGCGGAATTCGTGGTGTAGCGGTGAAATGCTTAGATATCACGAAGAACTCCGATTGCGAAGGCAGCTCACTGGACTGCAACTGACACTGATGCTCGAAAGTGTGGGTATCAAACAGG"
"6","seq.6","TACGGAGGATGCGAGCGTTATCCGGATTTATTGGGTTTAAAGGGTGCGTAGGCGGCCTGCCAAGTCAGCGGTAAAATTGCGGGGCTCAACCCCGTACAGCCGTTGAAACTGCCGGGCTCGAGTGGGCGAGAAGTATGCGGAATGCGTGGTGTAGCGGTGAAATGCATAGATATCACGCAGAACCCCGATTGCGAAGGCAGCATACCGGCGCCCTACTGACGCTGAGGCACGAAAGTGCGGGGATCAAACAGG"
"7","seq.7","TACGGAGGATGCGAGCGTTATCCGGATTTATTGGGTTTAAAGGGTGCGTAGGCGGGATGCCAAGTCAGCGGTAAAAAAGCGGTGCTCAACGCCGTCGAGCCGTTGAAACTGGCGTTCTTGAGTGGGCGAGAAGTATGCGGAATGCGTGGTGTAGCGGTGAAATGCATAGATATCACGCAGAACTCCGATTGCGAAGGCAGCATACCGGCGCCCTACTGACGCTGAGGCACGAAAGCGTGGGTATCGAACAGG"
"8","seq.8","TACGGAGGATTCAAGCGTTATCCGGATTTATTGGGTTTAAAGGGTGCGTAGGCGGTTCGATAAGTTAGAGGTGAAATCCCGGGGCTCAACTCCGGCACTGCCTCTGATACTGTCGGGCTAGAGTTTAGTTGCGGTAGGCGGAATGTATGGTGTAGCGGTGAAATGCATAGAGATCATACAGAACACCGATTGCGAAGGCAGCTTACCAAACTACGACTGACGTTGAGGCACGAAAGCGTGGGGAGCAAACAGG"
"9","seq.9","TACGGAGGATGCGAGCGTTATCCGGATTTATTGGGTTTAAAGGGTGCGTAGGCGGATCGTTAAGTCAGTGGTCAAATTGAGGGGCTCAACCCCTTCCCGCCATTGAAACTGGCGATCTTGAGTGGAAGAGAAGTATGCGGAATGCGTGGTGTAGCGGTGAAATGCATAGATATCACGCAGAACCCCGATTGCGAAGGCAGCATGCCGGCTTCCTACTGACGCTGAAGCACGAAAGCGTGGGGATCGAACAGG"
"10","seq.10","TACGGAGGATGCGAGCGTTATCCGGATTTATTGGGTTTAAAGGGTGCGTAGGCGGGATGTCAAGTCAGCGGTAAAATTGTGGAGCTCAACTCCATCGAGCCGTTGAAACTGACGTTCTTGAGTGGGCGAGAAGTATGCGGAATGCGTGGTGTAGCGGTGAAATGCATAGATATCACGCAGAACTCCGATTGCGAAGGCAGCATACCGGCGCCCTACTGACGCTGAAGCACGAAAGCGTGGGTATCGAACAGG"
"11","seq.11","TACGTAGGTGGCAAGCGTTGTCCGGATTTATTGGGCGTAAAGCGAGTGCAGGCGGTTCAATAAGTCTGATGTGAAAGCCTTCGGCTCAACCGGAGAATTGCATCAGAAACTGTTGAACTTGAGTGCAGAAGAGGAGAGTGGAACTCCATGTGTAGCGGTGGAATGCGTAGATATATGGAAGAACACCAGTGGCGAAGGCGGCTCTCTGGTCTGCAACTGACGCTGAGGCTCGAAAGCATGGGTAGCGAACAGG"
"12","seq.12","TACGGAGGATGCGAGCGTTATCCGGATTTATTGGGTTTAAAGGGTGCGTAGGCGGCCTGCCAAGTCAGCGGTAAAATTGCGGGGCTCAACCCCGTACAGCCGTTGAAACTGCCGGGCTCGAGTGGGCGAGAAGTATGCGGAATGCGTGGTGTAGCGGTGAAATGCATAGATATCACGCAGAACCCCGATTGCGAAGGCAGCATACCGGCGCCCGACTGACGCTGAGGCACGAAAGTGCGGGGATCAAACAGG"
"13","seq.13","TACGTAGGTGGCAAGCGTTATCCGGATTTATTGGGCGTAAAGGGAACGCAGGCGGTCTTTTAAGTCTGATGTGAAAGCCTTCGGCTTAACCGGAGTAGTGCATTGGAAACTGGGAGACTTGAGTGCAGAAGAGGAGAGTGGAACTCCATGTGTAGCGGTGAAATGCGTAGATATATGGAAGAACACCAGTGGCGAAAGCGGCTCTCTGGTCTGTAACTGACGCTGAGGTTCGAAAGCGTGGGTAGCAAACAGG"
"14","seq.14","TACGGAGGATGCGAGCGTTATCCGGATTTATTGGGTTTAAAGGGTGCGTAGGCGGGATGCCAAGTCAGCGGTAAAAATGCGGTGCTCAACGCCGTCGAGCCGTTGAAACTGGCGTTCTTGAGTGGGCGAGAAGTATGCGGAATGCGTGGTGTAGCGGTGAAATGCATAGATATCACGCAGAACTCCGATTGCGAAGGCAGCATACCGGCGCCCTACTGACGCTGAGGCACGAAAGCGTGGGTATCGAACAGG"
"15","seq.15","TACGTAGGGGGCAAGCGTTATCCGGATTTACTGGGTGTAAAGGGAGCGTAGACGGCAGCGCAAGTCTGGAGTGAAATGCCGGGGCCCAACCCCGGAACTGCTTTGGAAACTGTGCAGCTCGAGTGCAGGAGAGGTAAGCGGAATTCCTAGTGTAGCGGTGAAATGCGTAGATATTAGGAGGAACACCAGTGGCGAAGGCGGCTTACTGGACTGTAACTGACGTTGAGGCTCGAAAGCGTGGGGAGCAAACAGG"
"16","seq.16","TACGTAGGTGGCAAGCGTTATCCGGAATTATTGGGCGTAAAGAGCGCGCAGGTGGTTAATTAAGTCTGATGTGAAAGCCCACGGCTTAACCGTGGAGGGTCATTGGAAACTGGTTGACTTGAGTGCAGAAGAGGGAAGTGGAATTCCATGTGTAGCGGTGAAATGCGTAGAGATATGGAGGAACACCAGTGGCGAAGGCGGCTTCCTGGTCTGCAACTGACACTGAGGCGCGAAAGCGTGGGGAGCAAACAGG"
"17","seq.17","TACGGAGGATGCGAGCGTTATCCGGATTTATTGGGTTTAAAGGGTGCGTAGGCGGTCCGTTAAGTCAGCGGTAAAATTGCGGGGCTCAACCCCGTCGAGCCGTTGAAACTGGCAGACTTGAGTTGGCGAGAAGTACGCGGAATGCGCGGTGTAGCGGTGAAATGCATAGATATCGCGCAGAACTCCGATTGCGAAGGCAGCGTACCGGCGCCAGACTGACGCTGAGGCACGAAAGCGTGGGGATCGAACAGG"
"18","seq.18","TACGTAGGGAGCGAGCGTTATCCGGATTTATTGGGTGTAAAGGGTGCGTAGGCGGTAATACAGGTCTTTGGTATAAGCCCGAAGCTTAACTTCGGTAAGCCAGAGAAACCGTATAACTAGAGTATGGTAGAGGCAAGTGGAATTTCTAGTGTAGCGGTAAAATGCGTAGATATTAGAAGGAACACCAGTGGCGAAGGCGACTTGCTGGGCCAAAACTGACGCTGAGGCACGAAAGCGTGGGGAGCAAATAGG"
"19","seq.19","TACGGAGGATGCGAGCGTTATCCGGATTTATTGGGTTTAAAGGGTGCGTAGGCGGACAGTTAAGTCAGCGGTAAAATTGAGAGGCTCAACCTCTTCCCGCCGTTGAAACTGATTGTCTTGAGTGGGCGAGAAGTATGCGGAATGCGTGGTGTAGCGGTGAAATGCATAGATATCACGCAGAACTCCGATTGCGAAGGCAGCATACCGGCGCCCAACTGACGCTGAAGCACGAAAGCGTGGGTATCGAACAGG"
"20","seq.20","TACGGAGGATGCGAGCGTTATCCGGATTTATTGGGTTTAAAGGGTGCGCAGGCGGGATGCCAAGTCAGCGGTCAAATTTCGGGGCTCAACCCCGACCTGCCGTTGAAACTGGTGTCCTAGAGTGGGCGAGAAGTATGCGGAATGCGTGGTGTAGCGGTGAAATGCATAGATATCACGCAGAACTCCGATTGCGAAGGCAGCATACCGGCGCCCAACTGACGCTCATGCACGAAAGCGTGGGTATCGAACAGG"
"21","seq.21","TACGTAGGTGGCAAGCGTTATCCGGATTTATTGGGCGTAAAGCGAGCGCAGGCGGTTGCTTAGGTCTGATGTGAAAGCCTTCGGCTTAACCGAAGAAGTGCATCGGAAACCGGGCGACTTGAGTGCAGAAGAGGACAGTGGAACTCCATGTGTAGCGGTGGAATGCGTAGATATATGGAAGAACACCAGTGGCGAAGGCGGCTGTCTGGTCTGCAACTGACGCTGAGGCTCGAAAGCATGGGTAGCGAACAGG"
"22","seq.22","TACGTAGGGGGCAAGCGTTATCCGGATTTACTGGGTGTAAAGGGAGCGTAGACGGTGAGACAAGTCTGAAGTGAAAGCCCGGGGCTCAACCCCGGGACTGCTTTGGAAACTGCCTGACTGGAGTGCTGGAGAGGCAAGCGGAATTCCTAGTGTAGCGGTGAAATGCGTAGATATTAGGAAGAACACCAGTGGCGAAGGCGGCTTGCTGGACAGTAACTGACGTTGAGGCTCGAAAGCGTGGGGAGCAAACAGG"
"23","seq.23","TACGTAGGGGGCAAGCGTTATCCGGAATTACTGGGTGTAAAGGGAGCGTAGACGGTAATGCAAGTCTGGAGTGAAAGGCGGGGGCCCAACCCCCGGACTGCTCTGGAAACTGTGTAACTGGAGTGCAGGAGAGGCAGGCGGAATTCCTAGTGTAGCGGTGAAATGCGTAGATATTAGGAGGAACACCAGTGGCGAAGGCGGCCTGCTGGACTGTAACTGACGTTGAGGCTCGAAAGCGTGGGGAGCAAACAGG"
"24","seq.24","TACGTAGGGGGCAAGCGTTATCCGGATTTACTGGGTGTAAAGGGAGCGTAGACGGTGCGCCAAGTCTGGAGTGAAATGCCGCAGCTTAACTGCGGAACTGCTTTGGAAACTGGCGAACTAGAGTGCGGGAGGGGTAAGCGGAATTCCTAGTGTAGCGGTGAAATGCGTAGATATTAGGAGGAACACCGGTGGCGAAGGCGGCTTACTGGACCGTAACTGACGTTGAGGCTCGAAAGCGTGGGGAGCAAACAGG"
"25","seq.25","TACGTAGGGGGCAAGCGTTATCCGGATTTACTGGGTGTAAAGGGAGCGTAGACGGTTTTGCAAGTCTGATGTGAAAGCCCGGGGCTCAACCCCGGGACTGCATTGGAAACTGTATGACTGGAGTGCAGGAGAGGTAAGTGGAATTCCTAGTGTAGCGGTGAAATGCGTAGATATTAGGAGGAACACCAGTGGCGAAGGCGGCTTACTGGACTGTAACTGACGTTGAGGCTCGAAAGCGTGGGGAGCAAACAGG"
"26","seq.26","TACGTAGGGGGCGAGCGTTGTCCGGAATCACTGGGCGTAAAGGGCGCGTAGGCGGTTTAATAAGTCAGTGGTGAAAACTGAGGGCTCAACCCTCAGCCTGCCACTGATACTGTTAGACTTGAGTATGGAAGAGGAGAATGGAATTCCTAGTGTAGCGGTGAAATGCGTAGATATTAGGAGGAACACCAGTGGCGAAGGCGATTCTCTGGGCCAAGACTGACGCTGAGGCGCGAAAGCGTGGGGAGCAAACAGG"
"27","seq.27","TACGTAGGTGGCAAGCGTTGTCCGGATTTACTGGGTGTAAAGGGCGTGCAGCCGGAGAGACAAGTCAGATGTGAAATCCACGGGCTCAACCCGTGAACTGCATTTGAAACTGTTTCCCTTGAGTGTCGGAGAGGTAATCGGAATTCCTTGTGTAGCGGTGAAATGCGTAGATATAAGGAAGAACACCAGTGGCGAAGGCGGATTACTGGACGATAACTGACGGTGAGGCGCGAAAGCGTGGGGAGCAAACAGG"
"28","seq.28","TACGTAGGTGGCAAGCGTTGTCCGGATTTACTGGGTGTAAAGGGCGTGCAGCCGGGAAGACAAGTCAGATGTGAAATCCCGCGGCTCAACCGCGGAACTGCATTTGAAACTGTTTTTCTTGAGTACCGGAGAGGTCATCGGAATTCCTTGTGTAGCGGTGAAATGCGTAGATATAAGGAAGAACACCAGTGGCGAAGGCGGATGACTGGACGGCAACTGACGGTGAGGCGCGAAAGCGTGGGGAGCAAACAGG"
"29","seq.29","TACGTAGGGGGCAAGCGTTATCCGGATTTACTGGGTGTAAAGGGAGCGTAGACGGCAATGCAAGCCAGATGTGAAAACCCGCAGCTCAACTGGGGGAGTGCATTTGGAACTGTGTAGCTGGAGTGCAGGAGAGGTAAGCGGAATTCCTGGTGTAGCGGTGAAATGCGTAGATATCAGGAGGAACACCAGTGGCGAAGGCGGCTTACTGGACTGTAACTGACGTTGAGGCTCGAAAGCGTGGGGAGCAAACAGG"
"30","seq.30","TACGTAGGGGGCAAGCGTTATCCGGATTTACTGGGTGTAAAGGGAGCGTAGACGGTGCGCCAAGTCTGGAGTGAAATGCCGCAGCTTAACTGCGGAACTGCTTTGGAAACTGGCGGACTAGAGTGCGGGAGGGGTAAGCGGAATTCCTAGTGTAGCGGTGAAATGCGTAGATATTAGGAGGAACACCGGTGGCGAAGGCGGCTTACTGGACCGTAACTGACGTTGAGGCTCGAAAGCGTGGGGAGCAAACAGG"
"31","seq.31","TACGTAGGGGGCAAGCGTTATCCGGATTTACTGGGTGTAAAGGGAGCGTAGACGGCCAGACAAGTCTGAAGTGAAAATCCAGCGCTTAACGTTGGAAGTGCTTTGGAAACTGCCGGGCTAGAGTGCAGGAGGGGCAGGCGGAATTCCTAGTGTAGCGGTGAAATGCGTAGATATTAGGAGGAACACCAGTGGCGAAGGCGGCCTGCTGGACTGCAACTGACGTTGAGGCTCGAAGGCGTGGGGAGCAAACAGG"
"32","seq.32","TACGTAGGGGGCAAGCGTTATCCGGATTTACTGGGTGTAAAGGGGGCGCAGACGGCCATGGCAAGCCCGGTGTGAAAGGCAGGGGCATAACCCCTGGACTGCACTGGGAACTGTCAGGCTGGAGTGCCGGAGGGGTAAGCGGAATTCCTGGTGTAGCGGTGAAATGCGTAGATATCAGGAGGAACACCGGCGGCGAAGGCGGCTTACTGGACGGCAACTGACGTTGAGGCCCGAAAGCGTGGGGAGCGAACAGG"
"33","seq.33","TACGTAGGGGGCAAGCGTTATCCGGATTTACTGGGTGTAAAGGGAGCGTAGACGGCAGTGCAAGTCTGAAGTGAAAGGCGGGGGCCCAACCCCCGGACTGCTTTGGAAACTGTGCTGCTGGAGTGCAGGAGAGGCAAGTGGAATTCCTAGTGTAGCGGTGAAATGCGTAGATATTAGGAGGAACACCAGTGGCGAAGGCGGCTTGCTGGACTGTAACTGACGTTGAGGCTCGAAAGCGTGGGGAGCAAACAGG"
"34","seq.34","TACGTAGGTGGCAAGCGTTATCCGGAATTATTGGGCGTAAAGCGCGCGTAGGCGGTTTTTTAAGTCTGATGTGAAAGCCCACGGCTCAACCGTGGAGGGTCATTGGAAACTGGAAAACTTGAGTGCAGAAGAGGAAAGTGGAATTCCATGTGTAGCGGTGAAATGCGCAGAGATATGGAGGAACACCAGTGGCGAAGGCGACTTTCTGGTCTGTAACTGACGCTGATGTGCGAAAGCGTGGGGATCAAACAGG"
"35","seq.35","TACGTAGGGGGCAAGCGTTATCCGGATTTACTGGGTGTAAAGGGAGCGTAGGCGGCCATGCAAGTCAGAAGTGAAAACCCGGGGCTCAACCCTGGGAGTGCTTTTGAAACTGTGCGGCTAGAGTGTCGGAGGGGTAAGTGGAATTCCTAGTGTAGCGGTGAAATGCGTAGATATTAGGAGGAACACCAGTGGCGAAGGCGGCTTACTGGACGATGACTGACGCTGAGGCTCGAAAGCGTGGGGAGCAAACAGG"
"36","seq.36","TACGTAGGGGGCAAGCGTTATCCGGATTTACTGGGTGTAAAGGGAGCGTAGACGGCGATGCAAGTCTGAAGTGAAAGGCGGGGGCCCAACCCCCGGACTGCTTTGGAAACTGTATAGCTGGAGTGCAGGAGAGGTAAGTGGAATTCCTAGTGTAGCGGTGAAATGCGTAGATATTAGGAGGAACACCAGTGGCGAAGGCGGCTTACTGGACTGTAACTGACGTTGAGGCTCGAAAGCGTGGGGAGCAAACAGG"
"37","seq.37","TACGTAGGGGGCAAGCGTTATCCGGATTTACTGGGTGTAAAGGGAGCGCAGACGGCTGTGCAAGTCTGGAGTGAAAGGCGGGGGCCCAACCCCCGGACTGCTCTGGAAACTGTAAAGCTGGAGTGCAGGAGAGGTAAGCGGAATTCCTAGTGTAGCGGTGAAATGCGTAGATATTAGGAGGAACACCAGTGGCGAAGGCGGCTTACTGGACTGCAACTGACGTTGAGGCTCGAAAGCGTGGGGAGCAAACAGG"
"38","seq.38","TACGTAGGGGGCAAGCGTTATCCGGAATTACTGGGTGTAAAGGGAGCGTAGACGGTGATGCAAGTCTGGAGTGAAAGGCGGGGGCCCAACCCCCGGACTGCTCTGGAAACTGTGTAACTTGAGTGCAGGAGAGGTAAGCGGAATTCCTAGTGTAGCGGTGAAATGCGTAGATATTAGGAGGAACACCAGTGGCGAAGGCGGCTTACTGGACTGTAACTGACGTTGAGGCTCGAAAGCGTGGGGAGCAAACAGG"
"39","seq.39","TACGTAGGGGGCAAGCGTTATCCGGATTTACTGGGTGTAAAGGGAGCGTAGACGGCGCGGCAAGTCTGAAGTGAAAGGCAGGGGCTTAACCCCTGAACTGCTTTGGAAACTGCCATGCTAGAGTGCTGGAGAGGTAAGTGGAATTCCTAGTGTAGCGGTGAAATGCGTAGATATTAGGAGGAACACCAGTGGCGAAGGCGGCTTACTGGACAGTAACTGACGTTGAGGCTCGAAAGCGTGGGGAGCAAACAGG"
"40","seq.40","TACGTAGGGGGCAAGCGTTATCCGGATTTACTGGGTGTAAAGGGAGCGCAGACGGCAGTGCAAGTCTGGAGTGAAAGCCCGGGGCCCAACCCCGGAACTGCTCTGGAAACTGTGCGGCTAGAGTACTGGAGGGGCAGGCGGAATTCCTAGTGTAGCGGTGAAATGCGTAGATATTAGGAGGAACACCAGTGGCGAAGGCGGCCTGCTGGACAGTAACTGACGTTGAGGCTCGAAAGCGTGGGGAGCAAACAGG"
"41","seq.41","TACGTATGGGGCAAGCGTTATCCGGATTTACTGGGTGTAAAGGGAGCGTAGGCGGCCTGGCAAGCCTGATGTGAAATACCGGGGCCCAACCCCGGGGCTGCATTGGGAACTGCCAGGCTGGAGTGCCGGAGAGGCAGGCGGAATTCCTAGTGTAGCGGTGAAATGCGTAGATATTAGGAGGAACACCAGTGGCGAAGGCGGCCTGCTGGACGGTGACTGACGCTGAGGCTCGAAAGCGTGGGGAGCAAACAGG"
"42","seq.42","TACGTATGGAGCAAGCGTTATCCGGATTTACTGGGTGTAAAGGGAGCGCAGGCGGCATGGCAAGTCAGATGTGAAAGCCCGGGGCTCAACCCCGGGACTGCATTTGAAACTGCCAGGCTAGAGTGTCGGAGAGGCAAGTGGAATTCCTAGTGTAGCGGTGAAATGCGTAGATATTAGGAGGAACACCAGTGGCGAAGGCGGCTTGCTGGACGATCACTGACGCTGAGGCTCGAAAGCGTGGGGAGCAAACAGG"
"43","seq.43","TACGTAGGGGGCAAGCGTTATCCGGATTTACTGGGTGTAAAGGGAGCGTAGACGGCTGTGCAAGTCTGAAGTGAAAGCCCGTGGCTCAACCGCGGAACTGCTTTGGAAACTGTATAGCTTGAGTACTGGAGAGGCAGGCGGAATTCCTAGTGTAGCGGTGAAATGCGTAGATATTAGGAGGAACACCAGTGGCGAAGGCGGCCTGCTGGACAGAAACTGACGTTGAGGCTCGAAAGCGTGGGGAGCAAACAGG"
"44","seq.44","TACAGAGGGTGCGAGCGTTAATCGGATTTACTGGGCGTAAAGCGTGCGTAGGCGGCTTATTAAGTCGGATGTGAAATCCCCGAGCTTAACTTGGGAATTGCATTCGATACTGGTGAGCTAGAGTATGGGAGAGGATGGTAGAATTCCAGGTGTAGCGGTGAAATGCGTAGAGATCTGGAGGAATACCGATGGCGAAGGCAGCCATCTGGCCTAATACTGACGCTGAGGTACGAAAGCATGGGGAGCAAACAGG"
"45","seq.45","TACGTAGGGGGCGAGCGTTATCCGGATTCACTGGGCGTAAAGGGAGCGCAGGCGGCACGGCAAGTCCGGTGTGAAAGCCCGGGGCCCAACCCCGGGACTGCACTGGAAACTGCCGGGCTGGAGTGCCGGAGGGGTAAGCGGAATTCCTGGTGTAGCGGTGAAATGCGCAGATATCAGGAGGAACACCAGTGGCGGAGGCGGCTTACTGGACGGTCACTGACGCTGAGGCTCGAAAGCGTGGGGAGCAAACAGG"
"46","seq.46","TACGTAGGGGGCAAGCGTTATCCGGATTTACTGGGTGTAAAGGGAGCGTAGACGGCGATGCAAGTCTGAAGTGAAAGCCCGGGGCTCAACCCCGGGACTGCTTTGGAAACTGTATGGCTGGAGTGCTGGAGAGGCAAGCGGAATTCCTAGTGTAGCGGTGAAATGCGTAGATATTAGGAAGAACACCAGTGGCGAAGGCGGCTTGCTGGACAGTAACTGACGTTGAGGCTCGAAAGCGTGGGGAGCAAACAGG"
"47","seq.47","TACGTAGGTGGCAAGCGTTATCCGGAATTATTGGGCGTAAAGCGCGCGCAGGTGGTTTCTTAAGTCTGATGTGAAAGCCCACGGCTCAACCGTGGAGGGTCATTGGAAACTGGGAGACTTGAGTGCAGAAGAGGAAAGTGGAATTCCATGTGTAGCGGTGAAATGCGTAGAGATATGGAGGAACACCAGTGGCGAAGGCGACTTTCTGGTCTGTAACTGACACTGAGGCGCGAAAGCGTGGGGAGCAAACAGG"
"48","seq.48","TACGTAGGGGGCAAGCGTTATCCGGAATTATTGGGCGTAAAGAGTACGTAGGTGGCAACCTAAGCGCAGGGTTTAAGGCAATGGCTCAACCATTGTTCGCCCTGCGAACTGGGATGCTTGAGTGCAGGAGAGGAAAGCGGAATTCCTAGTGTAGCGGTGAAATGCGTAGATATTAGGAGGAACACCAGTGGCGAAGGCGGCTTTCTGGACTGTAACTGACACTGAGGTACGAAAGCGTGGGGAGCAAACAGG"
"49","seq.49","TACGTAGGGGGCAAGCGTTATCCGGATTTACTGGGTGTAAAGGGAGCGTAGACGGCATAGCAAGTCTGAAGTGAAAGCCCAAGGCTCAACCATGGGACTGCTTTGGAAACTGTTAAGCTAGAGTGCTGGAGAGGTAAGCGGAATTCCTAGTGTAGCGGTGAAATGCGTAGATATTAGGAAGAACACCAGTGGCGAAGGCGGCTTACTGGACAGTAACTGACGTTGAGGCTCGAAAGCGTGGGGAGCAAACAGG"
"50","seq.50","TACGTAGGGGGCAAGCGTTATCCGGATTTACTGGGTGTAAAGGGAGCGTAGACGGTTATGTAAGTCTGGAGTGAAAGCCCGGGGCCCAACCCCGGGACTGCTTTGGAAACTGTGTAACTGGAGTACAGGAGGGGCAGGCGGAATTCCTGGTGTAGCGGTGAAATGCGTAGATATCAGGAGGAACACCGGCGGCGAAGGCGGCCTGCTGGACTGAAACTGACGTTGAGGCTCGAAAGCGTGGGGAGCAAACAGG"
"51","seq.51","TACGTAGGGAGCAAGCGTTGTCCGGATTTACTGGGTGTAAAGGGTGCGTAGGCGGCTTTGCAAGTCAGAAGTGAAATCCATGGGCTTAACCCATGAACTGCTTTTGAAACTGCAGAGCTTGAGTGGAGTAGAGGTAGGCGGAATTCCCGGTGTAGCGGTGAAATGCGTAGAGATCGGGAGGAACACCAGTGGCGAAGGCGGCCTGCTGGGCTCTAACTGACGCTGAGGCACGAAAGCGTGGGTAGCAAACAGG"
"52","seq.52","TACGTAGGGGGCGAGCGTTATCCGGATTTACTGGGTGTAAAGGGAGCGTAGACGGCGTCGCAAGTCTGAAGTGAAAGCCCGTGGCTCAACCGCGGAACCGCTTTGGAAACTGCGAGGCTGGAGTGCTGGAGAGGTAAGCGGAATTCCTGGTGTAGCGGTGAAATGCGTAGATATCAGGAGGAACACCGGTGGCGAAGGCGGCTTACTGGACAGTGACTGACGTTGAGGCTCGAAAGCGTGGGGAGCGAACAGG"
"53","seq.53","TACGTAGGGGGCGAGCGTTATCCGGATTTACTGGGTGTAAAGGGAGCGCAGGCGGCGTGGCAAGTCAGATGTGAAAACCCGGGGCCCAACCCCGGGACTGCATTTGAAACTGCCATGCTGGAGTGCCGGAGAGGCAAGTGGAATTCCTAGTGTAGCGGTGAAATGCGTAGATATTAGGAGGAACACCAGTGGCGGAGGCGGCTTGCTGGACGGTAACTGACGCTGAGGCTCGAAAGCGTGGGGAGCAAACAGG"
"54","seq.54","TACGTAGGGAGCAAGCGTTGTCCGGATTTACTGGGTGTAAAGGGTGCGTAGGCGGCCTTGCAAGTCAGAAGTGAAATCCATGGGCTTAACCCGTGAACTGCTTTTGAAACTGTAGGGCTTGAGTGAAGTAGAGGCAGGCGGAATTCCCGGTGTAGCGGTGAAATGCGTAGAGATCGGGAGGAACACCAGTGGCGAAGGCGGCCTGCTGGGCTTTAACTGACGCTGAAGCACGAAAGCGTGGGTAGCAAACAGG"
"55","seq.55","TACGGAGGGTGCAAGCGTTACTCGGAATCACTGGGCGTAAAGAGCGCGTAGGCGGGATAGTCAGTCAGGTGTGAAATCCTATGGCTTAACCATAGAACTGCATTTGAAACTACTATTCTAGAGTGTGGGAGAGGTAGGTGGAATTCTTGGTGTAGGGGTAAAATCCGTAGAGATCAAGAGGAATACTCATTGCGAAGGCGACCTGCTGGAACATTACTGACGCTGATTGCGCGAAAGCGTGGGGAGCAAACAGG"
"56","seq.56","TACGTAGGGGGCAAGCGTTATCCGGATTTACTGGGTGTAAAGGGAGCGTAGACGGCAGAGCAAGTCTGAAGTGAAAGCCCGCGGCCCAACTGCGGGACTGCTTTGGAAACTGCCCGGCTAGAGTGCTGGAGAGGTAAGCGGAATTCCTAGTGTAGCGGTGAAATGCGTAGATATTAGGAGGAACACCAGTGGCGAAGGCGGCTTACTGGACAGTAACTGACGTTGAGGCTCGAAAGCGTGGGGAGCAAACAGG"
"57","seq.57","TACGTAGGGGGCAAGCGTTATCCGGATTTACTGGGTGTAAAGGGAGCGTAGACGGCAGCGCAAGTCTGAAGTGAAATGCCAGGGCTTAACCCTGGAACTGCTTTGGAAACTGTGCAGCTAGAGTGCAGGAGAGGTAAGTGGAATTTCTAGTGTAGCGGTGAAATGCGTAGATATTAGGAGGAACACCAGTGGCGAAGGCGGCTTACTGGACTGTAACTGACGTTGAGGCTCGAAAGCGTGGGGAGCAAACAGG"
"58","seq.58","TACGTAGGGGGCAAGCGTTATCCGGATTTACTGGGTGTAAAGGGAGCGTAGACGGCAGGGCAAGTCTGGAGTGAAAGGCAGGGGCCCAACCCCTGGACTGCTCTGGAAACTGTCCGGCTGGAGTGCAGGAGAGGTAAGTGGAATTCCTAGTGTAGCGGTGAAATGCGTAGATATTAGGAGGAACACCAGTGGCGAAGGCGGCTTACTGGACTGTAACTGACGTTGAGGCTCGAAAGCGTGGGGAGCAAACAGG"
"59","seq.59","TACGTAGGGAGCGAGCGTTATCCGGAATTATTGGGCGTAAAGGGTGCGTAGATGGCATAGTAAGTCTTTTGTAAAAATGCTGGGCTCAACCCAGTAGGGCAAAAGATACTGCAAAGCTAGAGTATGACAGAGGCAAGTGGAACTACATGTGTAGCGGTAAAATGCGTAAATATATGTAAGAACACCAGTGGCGAAGGCGGCTTGCTGGGTCGATACTGACATTGAGGCACGAAAGCGTGGGGAGCAAACAGG"
"60","seq.60","TACGTAGGGCGCGAGCGTTGTCCGGAATTATTGGGCGTAAAGGGCTTGTAGGCGGTTGGTCGCGTCTGCCGTGAAATCCTCTGGCTTAACTGGGGGCGTGCGGTGGGTACGGGCTGACTTGAGTGCGGTAGGGGAGACTGGAACTCCTGGTGTAGCGGTGGAATGCGCAGATATCAGGAAGAACACCGGTGGCGAAGGCGGGTCTCTGGGCCGTTACTGACGCTGAGGAGCGAAAGCGTGGGGAGCGAACAGG"
"61","seq.61","TACGTAGGTGGCAAGCGTTGTCCGGATTTACTGGGTGTAAAGGGCGTGTAGCCGGGCTTACAAGTCAGATGTGAAATCCGGGGGCTCAACCCCCGAACTGCATTTGAAACTGTAGGTCTTGAGTATCGGAGAGGCAGGCGGAATTCCTAGTGTAGCGGTGAAATGCGTAGATATTAGGAGGAACACCAGTGGCGAAGGCGGCCTGCTGGACGACAACTGACGGTGAGGCGCGAAAGCGTGGGGAGCAAACAGG"
"62","seq.62","TACGTAGGTGGCGAGCGTTATCCGGATTTATTGGGCGTAAAGCGTCCGCAGCCGGTTTATTAAGTATAGAATAAAACTTCGGGGCTCAACCCCGTCTCGTTCTATAAACTGATAGACTAGAGTGTGGTAGAGGCAAGTGGAATTTCTAGTGTAGCGGTAGAATGCGTAGATATTAGAAGGAACACCAGTGGCGAAGGCGACTTGCTGGGCCATCACTGACGGTCAGGGACGAAAGCGTGGGGAGCGAATAGG"
"63","seq.63","TACGTAGGTGGCAAGCGTTATCCGGATTTATTGGGTGTAAAGGGCGTGTAGGCGGGAATGCAAGTCAGATGTGAAAACTATGGGCTCAACCCATAGCCTGCATTTGAAACTGTATTTCTTGAGTGCTGGAGAGGCAATCGGAATTCCGTGTGTAGCGGTGAAATGCGTAGATATACGGAGGAACACCAGTGGCGAAGGCGGATTGCTGGACAGTAACTGACGCTGAGGCGCGAAAGCGTGGGGAGCAAACAGG"
"64","seq.64","TACGTAGGTGGCAAGCGTTGTCCGGATTTACTGGGCGTAAAGGGAGCGTAGGTGGATATTTAAGTGGGATGTGAAATACTCGGGCTTAACCTGGGTGCTGCATTCCAAACTGGATATCTAGAGTGCAGGAGAGGAAAGTAGAATTCCTAGTGTAGCGGTGAAATGCGTAGAGATTAGGAAGAATACCAGTGGCGAAGGCGACTTTCTGGACTGTAACTGACACTGAGGCTCGAAAGCGTGGGGAGCAAACAGG"
"65","seq.65","TACGTAGGGGGCAAGCGTTATCCGGAATCACTGGGTGTAAAGGGAGCGTAGACGGCTGTGCAAGCCTGAAGTGAAAGGCGGGGGCCCAACCCCTGGACTGCTTTGGGAACTGTACGGCTGGAGTGCAGGAGAGGTAAGTGGAATTCCTAGTGTAGCGGTGAAATGCGTAGATATTAGGAGGAACACCAGTGGCGAAGGCGGCTTACTGGACTGTAACTGACGTTGAGGCTCGAAAGCGTGGGGAGCAAACAGG"
"66","seq.66","TACGTAGGGTGCGAGCGTTAATCGGAATTACTGGGCGTAAAGCGGGCGCAGACGGTTACTTAAGCAGGATGTGAAATCCCCGGGCTCAACCCGGGAACTGCGTTCTGAACTGGGTGACTCGAGTGTGTCAGAGGGAGGTAGAATTCCACGTGTAGCAGTGAAATGCGTAGAGATGTGGAGGAATACCGATGGCGAAGGCAGCCTCCTGGGACAACACTGACGTTCATGCCCGAAAGCGTGGGTAGCAAACAGG"
"67","seq.67","TACGTAGGGGGCAAGCGTTATCCGGATTCACTGGGTGTAAAGGGAGCGTAGACGGCCATGCAAGCCAGGGGTGAAAGCCCGGGGCCCAACCCCGGGACTGCCCTTGGAACTGTGCGGCTGGAGTGCGGGAGGGGCAGGCGGAATTCCTGGTGTAGCGGTGAAATGCGTAGATATCAGGAGGAACACCGGCGGCGAAGGCGGCCTGCTGGACCGCGACTGACGTTGAGGCTCGAAAGCGTGGGGAGCGAACAGG"
"68","seq.68","TACGTAGGGTGCAAGCGTTATCCGGATTTATTGGGCGTAAAGGGCTCGTAGGCGGTTCGTCGCGTCCGGTGTGAAAGTCCATCGCTTAACGGTGGATCCGCGCCGGGTACGGGCGGGCTTGAGTGCGGTAGGGGAGACTGGAATTCCCGGTGTAACGGTGGAATGTGTAGATATCGGGAAGAACACCAATGGCGAAGGCAGGTCTCTGGGCCGTTACTGACGCTGAGGAGCGAAAGCGTGGGGAGCGAACAGG"
"69","seq.69","TACGTAGGGGGCAAGCGTTATCCGGATTTACTGGGTGTAAAGGGAGCGTAGACGGTTGTGCAAGTCTGAAGTGAAAGCCCGCGGCTCAACTGCGGAACGGCTTTGGAAACTGTGTAACTGGAGTGCTGGAGAGGTAAGCGGAATTCCTGGTGTAGCGGTGAAATGCGTAGAGATCAGGAGGAACACCGGCGGCGAAGGCGGCTTACTGGACAGTAACTGACGTTGAGGCTCGAAAGCGTGGGGAGCAAACAGG"
"70","seq.70","TACGTAGGGGGCAAGCGTTATCCGGATTCACTGGGCGTAAAGGGAGCGCAGGCGGCACGGCAAGTCTGGTGTGAAAACCCGGGGCTCAACCCCGGGACTGCATTGGAAACTGCCGGGCTGGAGTGTCGGAGGGGTAAGCGGAATTCCTAGTGTAGCGGTGAAATGCGTAGATATTAGGAGGAACACCAGTGGCGAAGGCGGCTTACTGGACGATGACTGACGCTGAGGCTCGAAAGCGTGGGGAGCAAACAGG"
"71","seq.71","TACGTAGGGGGCAAGCGTTATCCGGATTTACTGGGTGTAAAGGGGGCGCAGACGGCAGCGCAAGCCAGGAGTGAAAGCCCGGGGCCCAACCCCGGGACTGCTCTTGGAACTGCGCGGCTGGAGTGCAGGAGGGGCAGGCGGAATTCCTGGTGTAGCGGTGAAATGCGTAGATATCAGGAGGAACACCGGTGGCGAAGGCGGCCTGCTGGACTGCGACTGACGTTGAGGCCCGAAAGCGTGGGGAGCAAACAGG"
"72","seq.72","TACGTAGGGGGCGAGCGTTATCCGGATTTACTGGGTGTAAAGGGAGCGTAGACGGTTCTGCAAGTCTGAAGTGAAAGCCCGTGGCTTAACCGCGGAACGGCTTTGGAAACTGTGGAACTGGAGTGCTGGAGAGGCAAGCGGAATTCCTAGTGTAGCGGTGAAATGCGTAGATATTAGGAGGAACACCAGTGGCGAAGGCGGCTTGCTGGACAGTAACTGACGTTGAGGCTCGAAAGCGTGGGGAGCAAACAGG"
"73","seq.73","TACGTAGGTGGCAAGCGTTGTCCGGATTTACTGGGTGTAAAGGGCGTGTAGCCGGGCTGACAAGTCAGATGTGAAATCCGGGGGCTCAACCCCCGAACTGCATTTGAAACTGTTGGTCTTGAGTATCGGAGAGGCAGGCGGAATTCCTAGTGTAGCGGTGAAATGCGTAGATATTAGGAGGAACACCAGTGGCGAAGGCGGCCTGCTGGACGACAACTGACGGTGAGGCGCGAAAGCGTGGGGAGCAAACAGG"
"74","seq.74","TACGTAGGTGGCGAGCGTTGTCCGGATTTACTGGGCGTAAAGGGAGCGTAGGCGGACTTTTAAGTGAGATGTGAAATACTCGGGCTCAACTTGAGTGCTGCATTTCAAACTGGAAGTCTAGAGTGCAGGAGAGGAGAATGGAATTCCTAGTGTAGCGGTGAAATGCGTAGAGATTAGGAAGAACACCAGTGGCGAAGGCGATTCTCTGGACTGTAACTGACGCTGAGGCTCGAAAGCGTGGGGAGCAAACAGG"
"75","seq.75","TACGTAGGGGGCAAGCGTTATCCGGATTTACTGGGTGTAAAGGGAGCGTAGACGGCAATACAAGTCGGAAGTGAAATACCCGGGCTCAACCTGGGAACTGCTTTGGAAACTGTATGGCTGGAGTGCTGGAGAGGTAAGCGGAATTCCTAGTGTAGCGGTGAAATGCGTAGATATTAGGAGGAACACCAGTGGCGAAGGCGGCTTACTGGACAGTAACTGACGTTGAGGCTCGAAAGCGTGGGGAGCAAACAGG"
"76","seq.76","TACGTAGGGGGCAAGCGTTATCCGGATTCACTGGGCGTAAAGGGAGCGCAGGCGGCATGGCAAGTCTGATGTGAAAACCCGGGGCCCAACCCCGGGAGTGCATTGGAAACTGCCAGGCTGGAGTGTCGGAGGGGTAAGCGGAATTCCTAGTGTAGCGGTGAAATGCGTAGATATTAGGAGGAACACCAGTGGCGAAGGCGGCTTACTGGACGACTACTGACGCTGAGGCTCGAAAGCGTGGGGAGCAAACAGG"
"77","seq.77","TACGTAGGGGGCAAGCGTTATCCGGATTTACTGGGTGTAAAGGGAGCGTAGACGGTATGGCAAGTCTGATGTGAAAACCCGGGGCTCAACCCCGGGACTGCATTGGAAACTGTCGGACTAGAGTGTCGGAGAGGCAAGTGGAATTCCTAGTGTAGCGGTGAAATGCGTAGATATTAGGAGGAACACCAGTGGCGAAGGCGGCTTGCTGGACGATGACTGACGTTGAGGCTCGAAAGCGTGGGGAGCAAACAGG"
"78","seq.78","TACGTAGGGGGCAAGCGTTATCCGGATTTACTGGGTGTAAAGGGAGCGTAGACGGCTGTGCAAGTCTGAAGTGAAAGCCCAGGGCTCAACCCTGGGACTGCTTTGGAAACTGTGGAGCTAGAGTGCTGGAGAGGTAAGTGGAATTCCTAGTGTAGCGGTGAAATGCGTAGATATTAGGAGGAACACCAGTGGCGAAGGCGGCTTACTGGACAGTAACTGACGTTGAGGCTCGAAAGCGTGGGGAGCAAACAGG"
"79","seq.79","TACGTAGGGAGCAAGCGTTGTTCGGAATGACTGGGCGTAAAGGGTGCGTAGGCGGTTGTACAAGTTAGAAGTGAAATACCCAGGGCTTAACTCGGGTGCTGCTTCTAAAACTGTATGACTTGAGTGCAGTAGAGGTTAGTGGAATTCCTAGTGTAGCGGTGGAATGCGTAGATATTAGGAGGAACACCAGAGGCGAAGGCGGCTAACTGGACTGCAACTGACGCTGAGGCACGAAAGTGTGGGGAGCAAACAGG"
"80","seq.80","TACGGAGGATCCGAGCGTTATCCGGATTTATTGGGTTTAAAGGGAGCGTAGATGGATGTTTAAGTCAGTTGTGAAAGTTTGCGGCTCAACCGTAAAATTGCAGTTGATACTGGATATCTTGAGTGCAGTTGAGGCAGGCGGAATTCGTGGTGTAGCGGTGAAATGCTTAGATATCACGAAGAACTCCGATTGCGAAGGCAGCCTGCTAAGCTGCAACTGACATTGAGGCTCGAAAGTGTGGGTATCAAACAGG"
"81","seq.81","TACGTAGGGGGCAAGCGTTATCCGGATTTACTGGGTGTAAAGGGAGCGTAGACGGTGATGCAAGTCTGAAGTGAAAGGCGGGGGCTCAACCCCCGGACTGCTTTGGAAACTGTATGACTGGAGTGCAGGAGAGGTAAGTGGAATTCCTAGTGTAGCGGTGAAATGCGTAGATATTAGGAGGAACACCAGTGGCGAAGGCGGCTTACTGGACTGTAACTGACGTTGAGGCTCGAAAGCGTGGGGAGCAAACAGG"
"82","seq.82","TACGTAGGGGGCAAGCGTTATCCGGATTTACTGGGTGTAAAGGGAGCGTAGACGGTGATGCAAGTCAGAAGTGAAAGCCCGGGGCTCAACTCCGGGACTGCTTTTGAAACTGTGTGACTGGAGTGCAGGAGAGGTAAGCGGAATTCCTGGTGTAGCGGTGAAATGCGTAGATATCAGGAGGAACACCAGTGGCGAAGGCGGCTTACTGGACTGTAACTGACGTTGAGGCTCGAAAGCGTGGGGAGCAAACAGG"
"83","seq.83","TACGTAGGTGGCAAGCGTTGTCCGGATTTACTGGGTGTAAAGGGCGTGTAGCCGGGTTGACAAGTCAGATGTGAAATCCTGCGGCTTAACCGCAGAACTGCATTTGAAACTGTTGATCTTGAGTACTGGAGAGGCAGACGGAATTCCTAGTGTAGCGGTGAAATGCGTAGATATTAGGAGGAACACCAGTGGCGAAGGCGGTCTGCTGGACAGCAACTGACGGTGAGGCGCGAAAGCGTGGGGAGCAAACAGG"
"84","seq.84","TACGTAGGTCCCGAGCGTTGTCCGGATTTATTGGGCGTAAAGGGAGCGCAGGCGGTCAGGAAAGTCTGGAGTAAAAGGCTATGGCTCAACCATAGTGTGCTCTGGAAACTGTCTGACTTGAGTGCAGAAGGGGAGAGTGGAATTCCATGTGTAGCGGTGAAATGCGTAGATATATGGAGGAACACCAGTGGCGAAAGCGGCTCTCTGGTCTGTCACTGACGCTGAGGCTCGAAAGCGTGGGTAGCGAACAGG"
"85","seq.85","TACGTAGGGAGCGAGCGTTGTCCGGAATTACTGGGTGTAAAGGGAGCGTAGGCGGGCGAGAAAGTTGAATGTTAAATCTACCGGCTTAACTGGTAGCTGCGTTCAAAACTTCTTGTCTTGAGTGAAGTAGAGGCAGGCGGAATTCCTAGTGTAGCGGTGAAATGCGTAGATATTAGGAGGAACACCAGTGGCGAAGGCGGCCTGCTGGGCTTTAACTGACGCTGAGGCTCGAAAGCGTGGGGAGCAAACAGG"
"86","seq.86","TACGTAGGGGGCAAGCGTTATCCGGAATTACTGGGTGTAAAGGGAGCGTAGACGGTGATGTAAGTCTGGAGTGAAAGGCGGGGGCCCAACCCCCGGACTGCTCTGGAAACTATGTGACTGGAGTGCAGGAGAGGTGAGCGGAATTCCTAGTGTAGCGGTGAAATGCGTAGATATTAGGAGGAACACCAGTGGCGAAGGCGGCTCACTGGACTGTAACTGACGTTGAGGCTCGAAAGCGTGGGGAGCAAACAGG"
"87","seq.87","TACGGAGGGTGCAAGCGTTAATCGGAATTACTGGGCGTAAAGCGCACGCAGGCGGTTTGTTAAGTCAGATGTGAAATCCCCGGGCTCAACCTGGGAACTGCATCTGATACTGGCAAGCTTGAGTCTCGTAGAGGGGGGTAGAATTCCAGGTGTAGCGGTGAAATGCGTAGAGATCTGGAGGAATACCGGTGGCGAAGGCGGCCCCCTGGACGAAGACTGACGCTCAGGTGCGAAAGCGTGGGGAGCAAACAGG"
"88","seq.88","TACGTAGGGGGCAAGCGTTATCCGGATTTACTGGGTGTAAAGGGAGCGCAGGCGGCGCGGCAAGTCTGATGTGAAAGCCCGGGGCTCAACCCCGGGACTGCATTGGAAACTGTCGCGCTCGAGTGTCGGAGAGGTAAGTGGAATTCCTAGTGTAGCGGTGAAATGCGTAGATATTAGGAGGAACACCAGTGGCGAAGGCGGCTTACTGGACGACAACTGACGCTGAGGCTCGAAAGCGTGGGGAGCAAACAGG"
"89","seq.89","TACGTAGGGGGCAAGCGTTATCCGGATTTACTGGGTGTAAAGGGAGCGTAGACGGTCCTGCAAGCCAGATGTGAAAGCCCGGGGCTCAACCCCGGGACTGCATTTGGAACTGTAAGGCTAGAGTGTCGGAGAGGCAGGCGGAATTCCTAGTGTAGCGGTGAAATGCGTAGATATTAGGAGGAACACCAGTGGCGAAGGCGGCCTGCTGGACGATGACTGACGTTGAGGCTCGAAAGCGTGGGGAGCAAACAGG"
"90","seq.90","TACGTAGGATCCGAGCATTATCCGGAGTGACTGGGTGTAAAGAGTTGCGTAGGTGGCATAGTAAGTAGCTAGTGAAATCTGGTGGCTCAACCATTCAGACTATTAGCTAAACTGCTAAGCTCGAGACCGTTAGGGGTAACTGGAATTTCTAGTGTAGGAGTGAAATCCGTAGATATTAGAAGGAACACCGATAGCGTAGGCAGGTTACTGGGACGGTTCTGACACTAAGGCACGAAAGCGTAGGGAGCAAACGGG"
"91","seq.91","TACGTAGGTGGCAAGCGTTGTCCGGATTTATTGGGCGTAAAGCGAGCGCAGGCGGTTTCTTAAGTCTGATGTGAAAGCCCCCGGCTCAACCGGGGAGGGTCATTGGAAACTGGGAGACTTGAGTGCAGAAGAGGAGAGTGGAATTCCATGTGTAGCGGTGAAATGCGTAGATATATGGAGGAACACCAGTGGCGAAGGCGGCTCTCTGGTCTGTAACTGACGCTGAGGCTCGAAAGCGTGGGGAGCAAACAGG"
"92","seq.92","TACGTAGGTGGCAAGCGTTATCCGGATTTACTGGGTGTAAAGGGCGTGTAGGCGGGAAAGCAAGTCAGATGTGAAAACCATGGGCTCAACCTGTGGCCTGCATTTGAAACTGTTTTTCTTGAGTACTGGAGAGGCAGACGGAATTCCTAGTGTAGCGGTGAAATGCGTAGATATTAGGAGGAACACCAGTGGCGAAGGCGGTCTGCTGGACAGCAACTGACGCTGAGGCGCGAAAGCGTGGGGAGCAAACAGG"
"93","seq.93","TACGTAGGGGGCAAGCGTTATCCGGATTTACTGGGTGTAAAGGGAGCGTAGACGGCTGTGCAAGTCTGAAGTGAAATGCCGGGGCTCAACCCCGGAACTGCTTTGGAAACTGTACAGCTAGAGTGCAGGAGGGGTGAGCGGAATTCCTAGTGTAGCGGTGAAATGCGTAGATATTAGGAGGAACACCGGTGGCGAAGGCGGCTCACTGGACTGTAACTGACGTTGAGGCTCGAAAGCGTGGGGAGCAAACAGG"
"94","seq.94","TACGTAGGTGGCAAGCGTTATCCGGATTTACTGGGTGTAAAGGGCGTGTAGGCGGGGACGCAAGTCAGATGTGAAAACCACGGGCTCAACCTGTGGCCTGCATTTGAAACTGTGTTTCTTGAGTACTGGAGAGGCAGACGGAATTCCTAGTGTAGCGGTGAAATGCGTAGATATTAGGAGGAACACCAGTGGCGAAGGCGGTCTGCTGGACAGCAACTGACGCTGAGGCGCGAAAGCGTGGGGAGCAAACAGG"
"95","seq.95","TACGTAGGGGGCAAGCGTTATCCGGATTTACTGGGTGTAAAGGGAGCGTAGACGGCGAAGAAAGTCTGAAGTGAAAGCCCGCGGCTCAACCGCGGAATGGCTTTGGAAACTTTTTTGCTGGAGTACCGGAGAGGTAAGCGGAATTCCTAGTGTAGCGGTGAAATGCGTAGATATTAGGAGGAACACCAGTGGCGAAGGCGGCTTACTGGACGGTAACTGACGTTGAGGCTCGAAAGCGTGGGGAGCAAACAGG"
"96","seq.96","TACGTAGGGGGCAAGCGTTATCCGGATTTACTGGGTGTAAAGGGAGCGTAGACGGCCAGACAAGTCTGAAGTGAAAATCCAGCGCTTAACGTTGGAAGTGCTTTGGAAACTGCCGGGCTGGAGTGCAGGAGGGGCAGGCGGAATTCCTAGTGTAGCGGTGAAATGCGTAGATATTAGGAGGAACACCAGTGGCGAAGGCGGCCTGCTGGACTGCAACTGACGTTGAGGCTCGAAGGCGTGGGGAGCAAACAGG"
"97","seq.97","TACGTAGGTCCCGAGCGTTGTCCGGATTTATTGGGCGTAAAGCGAGCGCAGGCGGTTCTTTAAGTCTGAAGTTAAAGGCAGTGGCTTAACCATTGTACGCTTTGGAAACTGGAGGACTTGAGTGCAGAAGGGGAGAGTGGAATTCCATGTGTAGCGGTGAAATGCGTAGATATATGGAGGAACACCGGTGGCGAAAGCGGCTCTCTGGTCTGTAACTGACGCTGAGGCTCGAAAGCGTGGGGAGCAAACAGG"
"98","seq.98","TACGTAGGGGGCAAGCGTTATCCGGATTTACTGGGTGTAAAGGGAGCGTAGACGGTTATGTAAGTCTGAAGTGAAAGCCCGGGGCCCAACCCCGGGACTGCTTTGGAAACTGTGTAACTAGAGTACAGGAGGGGCAGGCGGAATTCCTGGTGTAGCGGTGAAATGCGTAGATATCAGGAGGAACACCGGCGGCGAAGGCGGCCTGCTGGACTGAAACTGACGTTGAGGCTCGAAAGCGTGGGGAGCAAACAGG"
"99","seq.99","TACGTAGGGGGCAAGCGTTATCCGGATTTACTGGGTGTAAAGGGAGCGTAGGCGGCCACGCAAGTCAGAAGTGAAAACCCGGGGCTCAACCCTGGGAGTGCTTTTGAAACTGTGCGGCTAGAGTGTCGGAGGGGTAAGTGGAATTCCTAGTGTAGCGGTGAAATGCGTAGATATTAGGAGGAACACCAGTGGCGAAGGCGGCTTACTGGACGATGACTGACGCTGAGGCTCGAAAGCGTGGGGAGCAAACAGG"
"100","seq.100","TACGTAGGTGGCAAGCGTTGTCCGGATTTATTGGGCGTAAAGCGCGCGCAGGCGGTCTTTTAAGTCTGATGTGAAAGCCCCCGGCTTAACCGGGGAGGGTCATTGGAAACTGGAAGACTGGAGTGCAGAAGAGGAGAGTGGAATTCCACGTGTAGCGGTGAAATGCGTAGATATGTGGAGGAACACCAGTGGCGAAGGCGACTCTCTGGTCTGTAACTGACGCTGAGGCGCGAAAGCGTGGGGAGCAAACAGG"
"101","seq.101","TACGTAGGGGGCAAGCGTTATCCGGATTTACTGGGTGTAAAGGGAGCGTAGACGGACTTGCAAGTCTGATGTGAAAATCCGGGGCCCAACCCCGGAACTGCATTGGAAACTGTATATCTAGAGTGTCGGAGAGGCAAGTGGAATTCCTGGTGTAGCGGTGAAATGCGTAGATATCAGGAGGAACACCAGTGGCGAAGGCGGCTTGCTGGACGATGACTGACGTTGAGGCTCGAAAGCGTGGGGAGCAAACAGG"
"102","seq.102","TACGAAGGGTGCAAGCGTTAATCGGAATTACTGGGCGTAAAGCGCGCGTAGGTGGTTCAGCAAGTTGGATGTGAAATCCCCGGGCTCAACCTGGGAACTGCATCCAAAACTACTGAGCTAGAGTACGGTAGAGGGTGGTGGAATTTCCTGTGTAGCGGTGAAATGCGTAGATATAGGAAGGAACACCAGTGGCGAAGGCGACCACCTGGACTGATACTGACACTGAGGTGCGAAAGCGTGGGGAGCAAACAGG"
"103","seq.103","TACGTAGGGAGCAAGCGTTGTCCGGAATTACTGGGCGTAAAGGGCGCGTAGGTGGGCGCTTAAGTCAGGTGTGAAAACTCCGGGCTCAACCTGGAGACTGCACTTGAAACTGGGTGTCTTGAGGGCAGGAGAGGAAAGTGGAATTCCTAGTGTAGCGGTGAAATGCGTAGATATTAGGAGGAACACCAGTGGCGAAGGCGACTTTCTGGACTGTACCTGACGCTGAGGCGCGAAAGCGTGGGTAGCGAACGGG"
"104","seq.104","TACGTATGGAGCAAGCGTTATCCGGATTTACTGGGTGTAAAGGGAGCGTAGGCGGCCTGGCAAGTCTGGTGTGAAAACCCGGGGCCCAACCCCGGGAGTGCATTGGAAACTGCCAGGCTGGAGTGCCGGAGGGGCAGGCGGAATTCCTAGTGTAGCGGTGAAATGCGTAGATATTAGGAGGAACACCGGTGGCGAAGGCGGCCTGCTGGACGGCAACTGACGCTGAGGCTCGAAAGCGTGGGGAGCAAACAGG"
"105","seq.105","TACGTAGGGGGCAAGCGTTATCCGGATTTACTGGGTGTAAAGGGAGCGTAGACGGCTGTGCAAGTCTGAAGTGAAATGCCGGGGCCCAACCCCGGAACTGCTTTGGAAACTGTACAGCTAGAGTGCAGGAGGGGTGAGCGGAATTCCTAGTGTAGCGGTGAAATGCGTAGATATTAGGAGGAACACCGGTGGCGAAGGCGGCTCACTGGACTGTAACTGACGTTGAGGCTCGAAAGCGTGGGGAGCAAACAGG"
"106","seq.106","TACGTAGGGGGCAAGCGTTATCCGGATTTACTGGGTGTAAAGGGAGCGTAGACGGCGGTGCAAGCCAGATGTGAAAGCCCGGGGCTCAACCCCGGGACTGCATTTGGAACTGTGCTGCTAGAGTGTCGGAGAGGCAGGCGGAATTCCTAGTGTAGCGGTGAAATGCGTAGATATTAGGAGGAACACCAGTGGCGAAGGCGGCCTGCTGGACGATGACTGACGTTGAGGCTCGAAAGCGTGGGGAGCAAACAGG"
"107","seq.107","TACGTATGGAGCAAGCGTTATCCGGATTTACTGGGTGTAAAGGGAGCGTAGGCGGCCTGGCAAGTCTGGTGTGAAATACCGGGGCCCAACCCCGGGACTGCATTGGAAACTGCCAGGCTGGAGTGTCGGAGGGGCAGGCGGAATTCCTAGTGTAGCGGTGAAATGCGTAGATATTAGGAGGAACACCGGTGGCGAAGGCGGCCTGCTGGACGACAACTGACGCTGAGGCTCGAAAGCGTGGGGAGCAAACAGG"
"108","seq.108","TACGGAGGATGCGAGCGTTATCCGGATTTATTGGGTTTAAAGGGTGCGCAGGCGGGATGCCAAGTCAGCGGTCAAATTTCGGGGCTCAACCCCGACCTGCCGTTGAAACTGGTGTCCTAGAGTGGGCGAGAAGTATGCGGAATGCGTGGTGTAGCGGTGAAATGCATAGATATCACGCAGAACTCCGATTGCGAAGGCAGCATACCGGCGCCCGACTGACGCTCATGCACGAAAGCGTGGGTATCGAACAGG"
"109","seq.109","TACGTAGGTGGCAAGCGTTATCCGGATTTACTGGGTGTAAAGGGCGTGTAGGCGGGAGAGCAAGTCAGACGTGAAATTCCAGGGCTCAACCCTGGAACTGCGTTTGAAACTGTTCTTCTTGAGTGATGGAGAGGCAGGCGGAATTCCGTGTGTAGCGGTGAAATGCGTAGATATACGGAGGAACACCAGTGGCGAAGGCGGCCTGCTGGACATTAACTGACGCTGAGGCGCGAAAGCGTGGGGAGCAAACAGG"
"110","seq.110","TACGTAGGGAGCAAGCGTTATCCGGAATTATTGGGTGTAAAGGGTGCGTAGACGGGATAACAAGTTGGTTGTGAAACCCCTCGGCTCAACTGAGGAACTGCAACCAAAACTATTATTCTTGAGTGCAGGAGAGGAAAGTGGAATTCCTAGTGTAGCGGTGAAATGCGTAGATATTAGGAAGAACACCGGTGGCGAAGGCGACTTTCTGGACTGTAACTGACGTTGAGGCACGAAAGTGTGGGGAGCAAACAGG"
"111","seq.111","GACGGGGGGGGCAAGTGTTCTTCGGAATGACTGGGCGTAAAGGGCACGTAGGCGGTGAATCGGGTTGAAAGTGAAAGTCGCCAAAAAGTGGCGGAATGCTCTCGAAACCAATTCACTTGAGTGAGACAGAGGAGAGTGGAATTTCGTGTGTAGGGGTGAAATCCGTAGATCTACGAAGGAACGCCAAAAGCGAAGGCAGCTCTCTGGGTCCCTACCGACGCTGGGGTGCGAAAGCATGGGGAGCGAACAGG"
"112","seq.112","TACGGAGGGTGCAAGCGTTACCCGGAATCACTGGGCGTAAAGGGCGTGTAGGCGGAAATTTAAGTCTGGTTTTAAAGACCGGGGCTCAACCTCGGGGATGGACTGGATACTGGATTTCTTGACCTCTGGAGAGGTAACTGGAATTCCTGGTGTAGCGGTGGAATGCGTAGATACCAGGAGGAACACCAATGGCGAAGGCAAGTTACTGGACAGAAGGTGACGCTGAGGCGCGAAAGTGTGGGGAGCAAACCGG"
"113","seq.113","TACGTAGGAGGCAAGCGTTATCCGGAATGACTGGGCGTAAAGGGTGCGTAGGTGGTTTGACAAGTTGGTAGCGTAACTCCGGGGCTCAACCTCGGCACTACTACCAAAACTGTTGGACTTGAGTGCAGGAGGGGCAAATGGAATTCCTAGTGTAGCGGTGGAATGCGTAGATATTAGGAGGAACACCAGTGGCGAAGGCGATTTGCTGGACTGTAACTGACACTGAGGCACGAAAGCGTGGGGAGCAAACAGG"
"114","seq.114","TACGTAGGGGGCAAGCGTTATCCGGATTCACTGGGTGTAAAGGGAGCGTAGACGGCGACGCAAGTCTGGAGTGAAAGCCCGGGGCCCAACCCCGGGACTGCTCTGGAAACTGCGTCGCTGGAGTACGGGAGGGGCAGGCGGAATTCCTGGTGTAGCGGTGAAATGCGTAGATATCAGGAGGAACACCGGCGGCGAAGGCGGCCTGCTGGACCGTGACTGACGTTGAGGCTCGAGAGCGTGGGGAGCAAACAGG"
"115","seq.115","TACGTAGGGGGCAAGCGTTATCCGGAATTACTGGGTGTAAAGGGAGCGTAGACGGCAATGCAAGTCCGGAGTGGAATGCGGCAGCTCAACTGCCGAACTGCTCTGGAAACTGTATGGCTTGAGTGCAGGAGGGGTAAGCGGAATTCCTGGTGTAGCGGTGAAATGCGTAGATATCAGGAGGAACACCGGTGGCGAAGGCGGCTTACTGGACTGTAACTGACGTTGAGGCTCGAAAGCGTGGGGAGCAAACAGG"
"116","seq.116","TACGTATGGGGCAAGCGTTATCCGGATTTACTGGGTGTAAAGGGAGCGTAGGCGGCAGGGCAAGCCTGATGTGAAAGCCCGGGGCTCAACCCCGGGACTGCATTGGGAACTGCCCCGCTCGAGTGCCGGAGGGGCAGGCGGAATTCCTAGTGTAGCGGTGAAATGCGTAGATATTAGGAGGAACACCAGTGGCGAAGGCGGCCTGCTGGACGGTGTACTGACGCTGAGGCTCGAAAGCGTGGGGAGCAAACAGG"
"117","seq.117","TACGTATGGTGCAAGCGTTATCCGGATTTACTGGGTGTAAAGGGAGCGCAGGCGGTGCGGCAAGTCTGATGTGAAAGCCCGGGGCTCAACCCCGGGACTGCATTGGAAACTACCGAACTAGAGTGTCGGAGAGGTAAGTGGAATTCCTAGTGTAGCGGTGAAATGCGTAGATATTAGGAGGAACACCAGTGGCGAAGGCGGCTTACTGGACGATAACTGACGCTGAGGCTCGAAAGCGTGGGGAGCAAACAGG"
"118","seq.118","TACGTAGGTGGCAAGCGTTATCCGGATTTACTGGGTGTAAAGGGCGTGTAGGCGGGACTGCAAGTCAGATGTGAAAACCACGGGCTCAACCTGTGGCCTGCATTTGAAACTGTAGTTCTTGAGTACTGGAGAGGCAGACGGAATTCCTAGTGTAGCGGTGAAATGCGTAGATATTAGGAGGAACACCAGTGGCGAAGGCGGTCTGCTGGACAGCAACTGACGCTGAGGCGCGAAAGCGTGGGGAGCAAACAGG"
"119","seq.119","TACGTATGGTGCAAGCGTTATCCGGATTTACTGGGTGTAAAGGGAGCGCAGGCGGCGCGTTAAGCCTGGTGTGAAAGCCCGCGGCCCAACCGCGGGACTGCATTGGGAACTGGCGCGCTGGAGTGCCGGAGGGGTAGGCGGAATTCCTAGTGTAGCGGTGAAATGCGTAGATATTAGGAGGAACACCAGTGGCGAAGGCGGCCTACTGGACGGTGACTGACGCTGAGGCTCGAAAGCGTGGGGAGCAAACAGG"
"120","seq.120","TACGGAGGATGCGAGCGTTATCCGGATTTATTGGGTTTAAAGGGTGCGTAGGTTGTTCGGTAAGTCAGCGGTGAAACCTGAGCGCTCAACGTTCAGCCTGCCGTTGAAACTGCCGGGCTTGAGTTCAGCGGCGGCAGGCGGAATTCGTGGTGTAGCGGTGAAATGCATAGATATCACGAGGAACTCCGATTGCGAAGGCAGCTTGCCATACTGCGACTGACACTGAAGCACGAAGGCGTGGGTATCAAACAGG"
"121","seq.121","TACGTAGGGGGCAAGCGTTATCCGGATTTACTGGGTGTAAAGGGAGCGTAGGTGGCAGGGCAAGTCAGATGTGAAAACCCGGGGCTCAACTCCGGGATTGCATTTGAAACTGTCCGGCTGGAGTGCAGGAGAGGTAAGTGGAATTCCTAGTGTAGCGGTGAAATGCATAGATATTAGGAGGAACACCAGTGGCGAAGGCGGCTTACTGGACTGTAACTGACACTGAGGCTCGAAAGCGTGGGGAGCAAACAGG"
"122","seq.122","TACGTAGGGGGCAAGCGTTATCCGGATTTACTGGGTGTAAAGGGAGCGTAGGTGGCATGGCAAGCCAGAAGTGAAAACCCGGGGCTTAACCCCGCGGATTGCTTTTGGAACTGTCAGGCTGGAGTGCAGGAGGGGCAGGCGGAATTCCTGGTGTAGCGGTGAAATGCGTAGATATCAGGAGGAACACCGGTGGCGAAGGCGGCCTGCTGGACTGTAACTGACACTGAGGCTCGAAAGCGTGGGGAGCAAACAGG"
"123","seq.123","TACGTATGGTGCAAGCGTTATCCGGATTTACTGGGTGTAAAGGGAGCGCAGGCGGTACGGCAAGTCTGATGTGAAAGCCCGGGGCTCAACCCCGGTACTGCATTGGAAACTGCCGGACTGGAGTGTCGGAGGGGTAAGCGGAATTCCTGGTGTAGCGGTGAAATGCGTAGATATCAGGAGGAACACCGGTGGCGAAGGCGGCTTACTGGACGATGACTGACGCTGAGGCTCGAAAGCGTGGGGAGCAAACAGG"
"124","seq.124","TACGTAGGGGGCAAGCGTTATCCGGATTCACTGGGCGTAAAGGGAGCGCAGGCGGCACGGCAAGTCTGGTGTGAAAGCCCGGGGCCCAACCCCGGGACTGCATTGGAAACTGCCGGGCTGGAGTGCCGGAGGGGTAAGCGGAATTCCTGGTGTAGCGGTGAAATGCGCAGATATCAGGAAGAACACCGGTGGCGGAGGCGGCTTACTGGACGGCAACTGACGCTGAGGCTCGAAAGCGTGGGGAGCAAACAGG"
"125","seq.125","TACGTATGGGGCAAGCGTTATCCGGATTTACTGGGTGTAAAGGGAGCGTAGGCGGCAGGGCAAGCCTGATGTGAAAGCCCGGGGCTCAACCCCGGGACTGCATTGGGAACTGCCCTGCTGGAGTGCCGGAGGGGCAGGCGGAATTCCTAGTGTAGCGGTGAAATGCGTAGATATTAGGAGGAACACCAGTGGCGAAGGCGGCCTGCTGGACGGTGACTGACGCTGAGGCTCGAAAGCGTGGGGAGCAAACAGG"
"126","seq.126","TACGTATGGAGCAAGCGTTATCCGGATTTACTGGGTGTAAAGGGAGAGTAGGTGGCAGAGCAAGTCCGAAGTGAAAACCCAAAGCTCAACTATGGGAATGCTTTAGAAACTGCTCAGCTAGAGTGCAGGAGAGGCAAGTGGAATTCTTAGTGTAGCGGTGAAATGCGTAGATATTAGGAGGAACACCAGTGGCGAAGGCGGCTTGCTGGACTGTAACTGACACTGAGGCTCGAAAGCGTGGGGAGCAAACAGG"
"127","seq.127","TACGTAGGGGGCAAGCGTTATCCGGATTTACTGGGTGTAAAGGGAGCGTAGACGGATAAGCAAGTCTGATGTGAAAATCCGGGGCCCAACCCCGGAATTGCATTGGAAACTGCATATCTAGAGTGTCGGAGAGGCAAGTGGAATTCCTGGTGTAGCGGTGAAATGCGTAGATATCAGGAGGAACACCAGTGGCGAAGGCGGCTTGCTGGACGATGACTGACGTTGAGGCTCGAAAGCGTGGGGAGCAAACAGG"
"128","seq.128","TACGTAGGGGGCGAGCGTTATCCGGATTCACTGGGCGTAAAGGGAGCGCAGGCGGCACGGCAAGTCCGGTGTGAAAGCCCGGGGCCCAACCCCGGGACTGCACTGGAAACTGCCGGGCTGGAGTGTCGGAGGGGCAGGCGGAATTCCTAGTGTAGCGGTGAAATGCGTAGATATTAGGAGGAACACCGGTGGCGAAGGCGGCCTGCTGGACGACGACTGACGCTGAGGCTCGAAAGCGTGGGGAGCAAACAGG"
"129","seq.129","TACGTAGGGAGCAAGCGTTGTCCGGAATTACTGGGTGTAAAGGGAGCGTAGGCGGGGATGCAAGTTGGGTGTCAAAACTACCGGCTCAACCGATAGTCGCACTCAAAACTGCAGCTCTTGAGTGAAGTAGAGGCAGGCGGAATTCCTAGTGTAGCGGTGAAATGCGTAGATATTAGGAGGAACACCAGTGGCGAAGGCGGCCTGCTGGGCTTTTACTGACGCTGAGGCTCGAAAGTGTGGGGAGCAAACAGG"
"130","seq.130","TACGTAGGGGGCAAGCGTTATCCGGATTTACTGGGTGTAAAGGGAGCGTAGACGGCTAATCAAGTCAGAAGTGAAAACCCAGGGCTCAACCTTGGGACTGCTTTTGAAACTGAGTAGCTAGAGTGCAGGAGAGGTAAGCGGAATTCCTAGTGTAGCGGTGAAATGCGTAGATATTAGGAGGAACACCAGTGGCGAAGGCGGCTTACTGGACTGTAACTGACGTTGAGGCTCGAAAGCGTGGGGAGCAAACAGG"
"131","seq.131","TACGTAGGGGGCAAGCGTTATCCGGATTTACTGGGTGTAAAGGGAGCGTAGGCGGTTTAGCAAGTCAGAAGTGAAAGCCCGGGGCTCAACTCCGGGACTGCTTTTGAAACTGTTGAACTAGATTGCAGGAGAGGTAAGTGGAATTCCTAGTGTAGCGGTGAAATGCGTAGATATTAGGAGGAACACCAGTGGCGAAGGCGGCTTACTGGACTGTAAATGACGCTGAGGCTCGAAAGCGTGGGGAGCAAACAGG"
"132","seq.132","TACGTAGGGGGCGAGCGTTATCCGGATTTACTGGGTGTAAAGGGAGCGTAGACGGCCATGCAAGCTCGGTGTGAAAGGTGCGGGCACAACCCGCAGACTGCACTGAGAACTGTATGGCTGGAGTGCCGGAGGGGCAGGCGGAATTCCTGGTGTAGCGGTGAAATGCGTAGATATCAGGAGGAACACCGGTGGCGAAGGCGGCCTGCTGGACGGCGACTGACGTTGAGGCTCGAAAGCGTGGGGAGCGAACAGG"
"133","seq.133","TACGTAGGGGGCAAGCGTTATCCGGAATTACTGGGTGTAAAGGGAGAGTAGGCGGCAAGGTAAGCGATATGTGAAAGCCTTAGGCTTAACCAAAGGATTGCATAACGAACTATCTAGCTAGAGTACAGGAGAGGAAAGCGGAATTCCTAGTGTAGCGGTGAAATGCGTAGATATTAGGAAGAACACCAGTGGCGAAGGCGGCTTTCTGGACTGAAACTGACGCTGAGGCTCGAAAGCGTGGGGAGCGAACAGG"
"134","seq.134","TACGTAGGGGGCAAGCGTTATCCGGATTTACTGGGTGTAAAGGGAGCGTAGACGGCAGTGCAAGTCTGGAGTGAAAGGCGGGGGCTCAACCCCCGGACTGCTCTGGAAACTGTACGGCTGGAGTGCAGGAGAGGTAAGTGGAATTCCTAGTGTAGCGGTGAAATGCGTAGATATTAGGAGGAACACCAGTGGCGAAGGCGGCTTACTGGACTGTAACTGACGTTGAGGCTCGAAAGCGTGGGGAGCAAACAGG"
"135","seq.135","TACGTAGGGGGCGAGCGTTATCCGGATTCACTGGGTGTAAAGGGAGCGTAGACGGCCATGCAAGCCAGGGGTGAAAGCCCGGGGCCCAACCCCGGGACTGCCCTTGGAACTGCATGGCTGGAGTGCGGGAGGGGCAGGCGGAATTCCTGGTGTAGCGGTGAAATGCGTAGATATCAGGAGGAACACCGGCGGCGAAGGCGGCCTGCTGGACCGCGACTGACGTTGAGGCTCGAAAGCGTGGGGAGCGAACAGG"
"136","seq.136","TACGTAGGGGGCGAGCGTTATCCGGATTTACTGGGTGTAAAGGGAGCGCAGGCGGCGTGGCAAGTCAGATGTGAAAACCCGGGGCCCAACCCCGGGACTGCATTTGAAACTGCCATGCTGGAGTGCCGGAGAGGCAAGTGGAATTCCTAGTGTAGCGGTGAAATGCGTAGATATTAGGAGGAACACCAGTGGCGAAGGCGGCTTGCTGGACGGTAACTGACGCTGAGGCTCGAAAGCGTGGGGAGCAAACAGG"
"137","seq.137","TACGTAGGGGGCGAGCGTTATCCGGATTTACTGGGTGTAAAGGGAGCGCAGGCGGCGTGGCAAGTCAGATGTGAAAACCCGGGGCCCAACCCCGGGACTGCATTTGAAACTGCCATGCTGGAGTGCCGGAGAGGTAAGTGGAATTCCTAGTGTAGCGGTGAAATGCGTAGATATTAGGAGGAACACCAGTGGCGAAGGCGGCTTACTGGACGGTAACTGACGCTGAGGCTCGAAAGCGTGGGGAGCAAACAGG"
"138","seq.138","TACGTAGGTGGCGAGCGTTATCCGGATTTATTGGGCGTAAAGCGTGCGCAGGCGGTTTGTTAGGTCTAAAATTAAAGTCCGAAGCTTAACTTCGGTTCGTTTTAGAAACCGGCAGGCTTGAGTATGGTAGAGGCAAACGGAATTTCTAGTGTAGCGGTAAAATGCGTAGATATTAGAAGGAACACCAGTGGCGAAGGCGGTTTGCTGGGCCATTACTGACGCTCATGCACGAAAGCGTGGGGAGCAAATAGG"
"139","seq.139","TACGTAGGGGGCAAGCGTTATCCGGATTTACTGGGTGTAAAGGGAGCGTAGACGGCAGCGCAAGTCCGAAGTGAAAGCCCGGGGCCCAACCCCGGGACTGCTTTGGAAACTGTGAAGCTGGAGTGCGGGAGGGGCAGGCGGAATTCCTGGTGTAGCGGTGAAATGCGTAGATATCAGGAGGAACACCGGCGGCGAAGGCGGCCTGCTGGACCGTAACTGACGTTGAGGCTCGAAAGCGTGGGGAGCAAACAGG"
"140","seq.140","TACGTAGGGGGCGAGCGTTATCCGGATTCATTGGGCGTAAAGCGCGCGTAGGCGGCCGCCTAAGCGGAACCTCTAACCCCGGGGCTCAACCTCGGGCCGGGTTCCGGACTGGGCGGCTCGAGTGCGGTAGAGGAGAGCGGAATTCCCGGTGTAGCGGTGGAATGCGCAGATATCGGGAAGAACACCGATGGCGAAGGCAGCTCTCTGGGCCGTCACTGACGCTGAGGCGCGAAAGCTGGGGGAGCGAACAGG"
"141","seq.141","TACGTAGGGGGCAAGCGTTATCCGGATTTACTGGGTGTAAAGGGAGCGTAGACGGCATAGCAAGTCTGATGTGAAAGATCGGGGCTCAACCCCGGGCCTGCATTGGAAACTGTTAAGCTGGAGTACAGGAGAGGTAAGCGGAATTCCTAGTGTAGCGGTGAAATGCGTAGATATTAGGAGGAACACCAGTGGCGAAGGCGGCTTACTGGACTGTAACTGACGTTGAGGCTCGAAAGCGTGGGGAGCAAACAGG"
"142","seq.142","TACGGAGGATGCGAGCGTTATCCGGATTTATTGGGTTTAAAGGGTGCGTAGGCGGTTTGTCAAGTCAGCGGTAAAAATTCCGGGCTCAACCCGGTCCCGCCGTTGAAACTGGCGAACTCGAGAGGGAGAGAAGTAGGCGGAATGCGCAGTGTAGCGGTGAAATGCATAGATATTGCGCAGAACTCCGATTGCGAAGGCAGCCTACCGGCTCCTATCTGACGCTGAGGCACGAAAGCGTGGGTATCGAACAGG"
"143","seq.143","TACGTATGGTGCAAGCGTTATCCGGAATGACTGGGTGTAAAGGGAGCGTAGACGGTTGTACAAGTCTGATGTGAAAGCCCACGGCTCAACTGTGGGAGTGCATTGGAAACTGTAGAACTAGAGTATCGGAGAGGCAAGTGGAATTCCTAGTGTAGCGGTGAAATGCGTAGATATTAGGAGGAACACCAGTGGCGAAGGCGGCTTGCTGGACGAAAACTGACGTTGAGGCTCGAAAGCGTGGGGAGCAAACAGG"
"144","seq.144","TACAGAGGGTGCAAGCGTTAATCGGAATTACTGGGCGTAAAGCGCGCGTAGGTGGTTTGTTAAGTTGGATGTGAAATCCCCGGGCTCAACCTGGGAACTGCATTCAAAACTGACTGACTAGAGTATGGTAGAGGGTGGTGGAATTTCCTGTGTAGCGGTGAAATGCGTAGATATAGGAAGGAACACCAGTGGCGAAGGCGACCACCTGGACTAATACTGACACTGAGGTGCGAAAGCGTGGGGAGCAAACAGG"
"145","seq.145","TACGTAGGGGGCAAGCGTTGTCCGGAATTATTGGGCGTAAAGAGTACGTAGGCGGTCTGTTAAGCGCAAGGTGAAAGGCATAGGCTCAACCAATGTGAGCCTTGCGAACTGGCAGACTTGAGTGCAGGAGAGGAAAGCGGAATTCCTAGTGTAGCGGTGAAATGCGTAGATATTAGGAGGAACACCGGTGGCGAAGGCGGCTTTCTGGACTGAAACTGACGCTGAGGTACGAAAGCGTGGGGAGCAAACAGG"
"146","seq.146","TACGTAGGGGGCAAGCGTTATCCGGATTTACTGGGTGTAAAGGGAGCGTAGACGGTTAATCAAGTCAGAAGTGAAAACCCAGGGCTCAACCTTGGGACTGCTTTTGAAACTGAGTAGCTAGAGTGCAGGAGAGGTAAGCGGAATTCCTAGTGTAGCGGTGAAATGCGTAGATATTAGGAGGAACACCAGTGGCGAAGGCGGCTTACTGGACTGTAACTGACGTTGAGGCTCGAAAGCGTGGGGAGCAAACAGG"
"147","seq.147","TACGGAGGGGGCTAGCGTTATTCGGAATTACTGGGCGTAAAGCGCACGTAGGCGGATCGGAAAGTCAGAGGTGAAATCCCAGGGCTCAACCCTGGAACTGCCTTTGAAACTCCCGATCTTGAGGTCGAGAGAGGTGAGTGGAATTCCGAGTGTAGAGGTGAAATTCGTAGATATTCGGAGGAACACCAGTGGCGAAGGCGGCTCACTGGCTCGATACTGACGCTGAGGTGCGAAAGCGTGGGGAGCAAACAGG"
"148","seq.148","TACGTAGGGGGCAAGCGTTATCCGGATTTACTGGGTGTAAAGGGAGCGTAGACGGCGAAGAAAGTCTGAAGTGAAAGCCCGCGGCTTAACCGCGGAACTGCTTTGGAAACTTTTTTGCTGGAGTACCGGAGAGGTAAGCGGAATTCCTAGTGTAGCGGTGAAATGCGTAGATATTAGGAGGAACACCAGTGGCGAAGGCGGCTTACTGGACGGTAACTGACGTTGAGGCTCGAAAGCGTGGGGAGCAAACAGG"
"149","seq.149","TACGTAGGGGGCAAGCGTTATCCGGATTTACTGGGTGTAAAGGGAGCGTAGACGGCAGGGCAAGCCAGAAGTGAAAACGCAGAGCTTAACTTTGCGACTGCTTTTGGAACTGCCCAGCTAGAGTACAGGAGAGGTAAGTGGAATTCCTAGTGTAGCGGTGAAATGCGTAGATATTAGGAGGAACACCAGTGGCGAAGGCGGCTTACTGGACTGAGACTGACGTTGAGGCTCGAAAGCGTGGGGAGCAAACAGG"
"150","seq.150","TACGTAGGGGGCAAGCGTTGTCCGGAATGACTGGGCGTAAAGGGAGTGTAGGCGGCTCATCAAGTTAGATGTGAAATCCCGCGGCTTAACCGCGGAACTGCATCTAAAACTGGTAAGCTGGAGTGCAGGAGAGGTGAGTGGAATTCCTAGTGTAGCGGTGGAATGCGTAGATATTAGGAGGAACACCAGAGGCGAAGGCGACTCACTGGACTGTAACTGACGCTGAGGCTCGAAAGCGTGGGGAGCAAACAGG"
"151","seq.151","TACGTATGGTGCAAGCGTTATCCGGATTTACTGGGTGTAAAGGGAGCGCAGGCGGTACGGCAAGTCTGATGTGAAAGCCCAGGGCTCAACCCTGGTACTGCATTGGAAACTGCCGGACTAGAGTGTCGGAGGGGTAAGTGGAATTCCTAGTGTAGCGGTGAAATGCGTAGATATTAGGAGGAACACCAGTGGCGAAGGCGGCTTACTGGACGATGACTGACGCTGAGGCTCGAAAGCGTGGGGAGCAAACAGG"
"152","seq.152","TACGTAGGGGGCAAGCGTTATCCGGATTCACTGGGTGTAAAGGGAGCGTAGACGGCGACGCAAGTCTGGAGTGAAAGCCCGGGGCCCAACCCCGGGACTGCTCTGGAAACTGCGGCGCTGGAGTACGGGAGGGGCAGGCGGAATTCCTGGTGTAGCGGTGAAATGCGTAGATATCAGGAGGAACACCGGCGGCGAAGGCGGCCTGCTGGACCGTGACTGACGTTGAGGCTCGAGAGCGTGGGGAGCAAACAGG"
"153","seq.153","TACGTAGGGAGCAAGCGTTGTCCGGAATTACTGGGCGTAAAGGGTGCGTAGGCGGCGCAGTTAGTCAGAAGTGAAATATCGGGGCTTAACCCCGGGGCTGCTTCTGATACTGCTGTGCTCGAGTGCAGGAGAGGTAAGTGGAATTCCTAGTGTAGCGGTGAAATGCGTAGATATTAGGAGGAACACCAGTGGCGAAGGCGACTTACTGGACTGTAACTGACGCTGAGGCACGAAAGCGTGGGTAGCAAACAGG"
"154","seq.154","TACGTAGGGGGCAAGCGTTATCCGGATTTACTGGGTGTAAAGGGAGCGTAGACGGCTGTACAAGTCTGAAGTGAAAGCCCGTGGCTCAACCGCGGAACTGCTTTGGAAACTGTAAAGCTGGAGTACTGGAGAGGCAGGCGGAATTCCTAGTGTAGCGGTGAAATGCGTAGATATTAGGAGGAACACCAGTGGCGAAGGCGGCCTGCTGGACAGAAACTGACGTTGAGGCTCGAAAGCGTGGGGAGCAAACAGG"
"155","seq.155","TACGTAGGGGGCGAGCGTTATCCGGATTCACTGGGTGTAAAGGGAGCGTAGACGGCCATGCAAGCCAGGGGTGAAAGCCCGGGGCCCAACCCCGGGACTGCCCTTGGAACTGCATGGCTGGAGTGCGGGAGGGGCAGGCGGAATTCCTGGTGTAGCGGTGAAATGCGTAGATATCAGGAGGAACACCGGCGGCGAAGGCGGCCTGCTGGACTGCGACTGACGTTGAGGCTCGAAAGCGTGGGGAGCGAACAGG"
"156","seq.156","TACGTATGGTGCAAGCGTTATCCGGATTTACTGGGTGTAAAGGGAGCGCAGGCGGCACGGCAAGCCTGATGTGAAAGCCCGCGGCCCAACCGCGGGACTGCATTGGGAACTACCGGGCTGGAGTGCCGGAGAGGTAGGCGGAATTCCTAGTGTAGCGGTGAAATGCGTAGATATTAGGAGGAACACCAGTGGCGAAGGCGGCCTACTGGACGGTGACTGACGCTGAGGCTCGAAAGCGTGGGGAGCAAACAGG"
"157","seq.157","TACGTAGGAGGCAAGCGTTATCCGGAATGACTGGGCGTAAAGGGTGCGTAGGTGGTTTGACAAGTTGGTAGCGTAACTCCGAGGCTTAACCTCGGCACTACTACCAAAACTGTTGGACTCGAGTGCAGGAGGGGCAAATGGAATTCCTAGTGTAGCGGTGGAATGCGTAGATATTAGGAGGAACACCAGTGGCGAAGGCGATTTGCTGGACTGTAACTGACACTGAGGCACGAAAGCGTGGGGAGCAAACAGG"
"158","seq.158","TACGTAGGGGGCAAGCGTTATCCGGATTTACTGGGTGTAAAGGGAGCGTAGACGGCAGGGCAAGTCTGGAGTGAAAGCCCGGGGCCCAACCCCGGGACTGCTTTGGAAACTGCCATGCTGGAGTGCTGGAGAGGTAAGCGGAATTCCTAGTGTAGCGGTGAAATGCGTAGATATTAGGAGGAACACCAGTGGCGAAGGCGGCTTACTGGACAGTAACTGACGTTGAGGCTCGAAAGCGTGGGGAGCAAACAGG"
"159","seq.159","TACGTAGGTGGCAAGCGTTGTCCGGATTTACTGGGTGTAAAGGGCGTGCAGCCGGAGAGACAAGTCAGATGTGAAATCCGCAGGCTCAACCTGCGAACTGCATTTGAAACTGTTTCCCTTGAGTATCGGAGAGGTCATCGGAATTCCTAGTGTAGCGGTGAAATGCGTAGATATTAGGAAGAACACCAGTGGCGAAGGCGGATGACTGGACGACAACTGACGGTGAGGCGCGAAAGCGTGGGGAGCAAACAGG"
"160","seq.160","TACGTAGGGGGCAAGCGTTATCCGGATTTACTGGGTGTAAAGGGAGCGCAGACGGCTGTGCAAGTCTGGAGTGAAAGGCGGGGGCCCAACCCCTGGACTGCTCTGGAAACTGTAAAGCTGGAGTGCAGGAGAGGTAAGCGGAATTCCTAGTGTAGCGGTGAAATGCGTAGATATTAGGAGGAACACCAGTGGCGAAGGCGGCTTACTGGACTGCAACTGACGTTGAGGCTCGAAAGCGTGGGGAGCAAACAGG"
"161","seq.161","TACGGAGGATCCGAGCGTTATCCGGATTTATTGGGTTTAAAGGGAGCGTAGATGGATATTTAAGTCAGTTGTGAAAGTTTGCGGCTCAACCGTAAAATTGCAGTTGATACTGGATATCTTGAGTGCAGTTGAGGCAGGCGGAATTCGTGGTGTAGCGGTGAAATGCTTAGATATCACGAAGAACTCCGATTGCGAAGGCAGCCTGCTAAGCTGCAACTGACATTGAGGCTCGAAAGTGTGGGTATCAAACAGG"
"162","seq.162","TACGTAGGGGGCAAGCGTTATCCGGATTTACTGGGTGTAAAGGGAGCGTAGACGGCAGTGCAAGTCCGGAGTGAAAGCCCGGGGCTCAACCCTGGGACTGCTCTGGAAACTGTAAAGCTGGAGTGCGGGAGGGGCAGGCGGAATTCCTGGTGTAGCGGTGAAATGCGTAGATATCAGGAGGAACACCGGCGGCGAAGGCGGCCTGCTGGACCGTAACTGACGTTGAGGCTCGAAAGCGTGGGGAGCAAACAGG"
"163","seq.163","TACGTAGGTGGCAAGCGTTGTCCGGAATTACTGGGTGTAAAGGGAGCGTAGGCGGGAAGCCAAGTCAGCTGTGAAAACTACGGGCTTAACCTGTAGACTGCAGTTGAAACTGGCTTTCTTGAGTGAAGTAGAGGTTGGCGGAATTCCGAGTGTAGCGGTGAAATGCGTAGATATTCGGAGGAACACCGGTGGCGAAGGCGGCCAACTGGGCTTTAACTGACGCTGAGGCTCGAAAGTGTGGGGAGCAAACAGG"
"164","seq.164","TACGTAGGGAGCGAGCGTTATCCGGAATTATTGGGTGTAAAGGGTGCGTAGACGGGAAAACAAGTTAGTTGTGAAATCCCTCGGCTTAACTGAGGAACTGCAACTAAAACTATTTTTCTTGAGTGCAGGAGAGGTAAGTGGAATTCCTAGTGTAGCGGTGAAATGCGTAGATATTAGGAGGAACACCAGTGGCGAAGGCGACTTACTGGACTGTAACTGACGTTGAGGCACGAAAGTGTGGGGAGCAAACAGG"
"165","seq.165","TACGTAGGGGGCGAGCGTTATCCGGATTTACTGGGTGTAAAGGGAGCGTAGACGGCTGGTCAAGTCTGAAGTGAAAGCCCGGGGCTTAACCCCGGAACGGCTTTGGAAACTGAGCAGCTAGAGTGCTGGAGAGGTAAGCGGAATTCCTAGTGTAGCGGTGAAATGCGTAGATATTAGGAGGAACACCAGTGGCGAAGGCGGCTTACTGGACAGTAACTGACGTTGAGGCTCGAAAGCGTGGGGAGCAAACAGG"
"166","seq.166","TACGTAGGGAGCGAGCGTTGTCCGGAATTACTGGGTGTAAAGGGAGCGTAGGCGGGCTTGTAAGTTGAATGTCTAATCCACCGGCTCAACCGGTGATCGCGTTCAAAACTGCAGGTCTTGAGTGAAGTAGAGGCAGGCGGAATTCCTAGTGTAGCGGTGAAATGCGTAGATATTAGGAGGAACACCAGTGGCGAAGGCGGCCTGCTGGGCTTTAACTGACGCTGAGGCTCGAAAGCGTGGGGAGCAAACAGG"
"167","seq.167","TACGTAGGGGGCAAGCGTTATCCGGATTTACTGGGTGTAAAGGGAGCGTAGACGGCAGCGCAAGCCTGGAGTGAAAGGATGGGGCCCAACCCCATGACTGCTCTGGGAACTGTGCGGCTAGAGTGCCGGAGGGGTAAGCGGAATTCCTAGTGTAGCGGTGAAATGCGTAGATATTAGGAGGAACACCAGTGGCGAAGGCGGCTTACTGGACGGTAACTGACGTTGAGGCTCGAAAGCGTGGGGAGCAAACAGG"
"168","seq.168","TACGTAGGGGGCAAGCGTTATCCGGATTTACTGGGTGTAAAGGGAGCGTAGGCGGTGCGCCAAGCTGGGTGTGAAAGGCCGGGGCTCAACCCCGGGACTGCACTCGGAACTGGCGTGCTAGAGTGTTGGAGAGGTAAGCGGAATTCCTAGTGTAGCGGTGAAATGCGTAGATATTAGGAGGAACACCAGTGGCGAAGGCGGCTTACTGGACAATAACTGACGCTGAGGCTCGAAAGCGTGGGGAGCAAACAGG"
"169","seq.169","TACGTAGGGGGCAAGCGTTATCCGGATTTACTGGGTGTAAAGGGAGCGTAGACGGCTAAGCAAGTCTGAAGTGAAAGCCCGGGGCTTAACCCCGGGACTGCTTTGGAAACTGTTAAGCTAGAGTGCTGGAGAGGTAAGTGGAATTCCTAGTGTAGCGGTGAAATGCGTAGATATTAGGAGGAACACCAGTGGCGAAGGCGGCTTACTGGACAGTAACTGACGTTGAGGCTCGAAAGCGTGGGGAGCAAACAGG"
"170","seq.170","TACGTAGGGGGCAAGCGTTATCCGGATTTACTGGGTGTAAAGGGAGCGTAGACGGCAATGCAAGCCAGATGTGAAAACCCGCAGCTCAACTGGGGGAGTGCATTTGGAACTGTGTAGCTAGAGTGCAGGAGAGGTAAGCGGAATTCCTGGTGTAGCGGTGAAATGCGTAGATATCAGGAGGAACACCAGTGGCGAAGGCGGCTTACTGGACTGTAACTGACGTTGAGGCTCGAAAGCGTGGGGAGCAAACAGG"
"171","seq.171","TACGTAGGGAGCAAGCGTTGTCCGGAATTACTGGGTGTAAAGGGAGCGTAGGCGGGAGGATAAGTTGAATGTGAAATCTATGGGCTCAACCCATAGCTGCGTTCAAAACTGTTCTTCTTGAGTGAAGTAGAGGCAGGCGGAATTCCTAGTGTAGCGGTGAAATGCGTAGATATTAGGAGGAACACCAGTGGCGAAGGCGGCCTGCTGGGCTTTTACTGACGCTGAGGCTCGAAAGCGTGGGTAGCAAACAGG"
"172","seq.172","TACGTAGGGGGCAAGCGTTATCCGGATTTACTGGGTGTAAAGGGAGCGTAGGCGGCGATGCAAGTCAGAAGTGAAAGCCCGGGGCTCAACTCCGGGACTGCTTTTGAAACTGTGTTGCTAGATTGCAGGAGAGGTAAGTGGAATTCCTAGTGTAGCGGTGAAATGCGTAGATATTAGGAGGAACACCAGTGGCGAAGGCGGCTTACTGGACTGTAAATGACGCTGAGGCTCGAAAGCGTGGGGAGCAAACAGG"
"173","seq.173","TACGTAAGGGGCAAGCGTTATCCGGATTTACTGGGTGTAAAGGGTGAGTAGGCGGTTCGGCAAGTCATATGTGAAATACCTGGGCTCAACCCAGGAACCGCATAAGAAACTGTCGGACTTGAGTACAGGAGAGGTAAGCGGAATTCCCAGTGTAGCGGTGAAATGCGTAGATATTGGGAAGAACACCGGTGGCGAAGGCGGCTTACTGGACTGAAACTGACGCTGAGTCACGAAAGCGTGGGGAGCGAACAGG"
"174","seq.174","TACGTAGGGGGCAAGCGTTATCCGGAATTACTGGGTGTAAAGGGAGAGTAGGCGGCAAGGTAAGCGATATGTGAAAGCCTTAAGCTTAACTTAAGGATGGCATAACGAACTATCTAGCTAGAGTACAGGAGAGGAAAGCGGAATTCCTAGTGTAGCGGTGAAATGCGTAGATATTAGGAAGAACACCAGTGGCGAAGGCGGCTTTCTGGACTGAAACTGACGCTGAGGCTCGAAAGCGTGGGGAGCGAACAGG"
"175","seq.175","TACGTAGGGGGCAAGCGTTATCCGGATTTACTGGGTGTAAAGGGAGCGTAGGCGGCAAGGTAAGCCAGAAGTGAAAGCCCGCGGCTCAACTGCGGGACTGCTTTTGGAACTATCTAGCTAGATTGCAGGAGAGGTAAGTGGAATTCCTAGTGTAGCGGTGAAATGCGTAGATATTAGGAGGAACACCAGTGGCGAAGGCGGCTTACTGGACTGTAAATGACGCTGAGGCTCGAAAGCGTGGGGAGCAAACAGG"
"176","seq.176","TACGTAGGGGGCAAGCGTTATCCGGATTTACTGGGTGTAAAGGGAGCGTAGACGGCCAGACAAGTCAGAAGTGAAAGCCCAGGGCTCAACCCTGGGACTGCTTTTGAAACTGCCGGGCTGGAGTGCAGGAGAGGTAAGCGGAATTCCTAGTGTAGCGGTGAAATGCGTAGATATTAGGAGGAACACCAGTGGCGAAGGCGGCTTACTGGACTGTAACTGACGTTGAGGCTCGAAAGCGTGGGGAGCAAACAGG"
"177","seq.177","TACGTAGGGAGCGAGCGTTGTCCGGAATTACTGGGTGTAAAGGGAGCGTAGGCGGGATTGCAAGTTGGATGTGAAAACTGCGGGCTCAACCCGGAGAGTGCATTCAAAACTGCGATTCTTGAGTGAAGTAGAGGCAAGCGGAATTCCTAGTGTAGCGGTGAAATGCGTAGATATTAGGAGGAACACCAGTGGCGAAGGCGGCTTGCTGGGCTTTTACTGACGCTGAGGCTCGAAAGTGTGGGGAGCAAACAGG"
"178","seq.178","TACGTAGGGGGCGAGCGTTATCCGGATTCATTGGGCGTAAAGCGCGCGTAGGCGGCCGCCTAAGCGGGACCTCTAACCCCGGGGCTCAACCCCGGGCCGGGTCCCGGACTGGGCGGCTCGAGTGCGGTAGAGGAGAGCGGAATTCCCGGTGTAGCGGTGGAATGCGCAGATATCGGGAAGAACACCGATGGCGAAGGCAGCTCTCTGGGCCGTCACTGACGCTGAGGCGCGAAAGCTGGGGGAGCGAACAGG"
"179","seq.179","TACGTAGGGGGCGAGCGTTATCCGGATTTACTGGGTGTAAAGGGAGCGTAGACGGCTGGGCAAGCCTGATGTGAAAGGCGGGGGCGCAACCCTCGGACTGCATTGGGAACTGTCCGGCTGGAGCGCCGGAGGGGTAAGCGGAATTCCTGGTGTAGCGGTGAAATGCGTAGATATCAGGAGGAACACCGGTGGCGAAGGCGGCTTACTGGACGGCGACTGACGTTGATGCTCGAAAGCGTGGGGAGCGAACAGG"
"180","seq.180","TACGTAGGGGGCAAGCGTTATCCGGATTTACTGGGTGTAAAGGGAGCGTAGACGGCTGTGCAAGCCAGATGTGAAAGCCCGGGGCTCAACCCCGGGACTGCATTTGGAACTGTGTGGCTGGAGTGTCGGAGAGGCAGGCGGAATTCCTAGTGTAGCGGTGAAATGCGTAGATATTAGGAGGAACACCAGTGGCGAAGGCGGCCTGCTGGACGATGACTGACGTTGAGGCTCGAAAGCGTGGGGAGCAAACAGG"
"181","seq.181","TACGTAGGGAGCGAGCGTTATCCGGATTTACTGGGTGTAAAGGGCGTGTAGGCGGGATGGCAAGTCAGGCGTGAAAACTATGGGCTCAACCCATAGCCTGCGTTTGAAACTGTCGTTCTTGAGTGATGGAGAGGCAAGCGGAATTCCGTGTGTAGCGGTGAAATGCGTAGATATACGGAGGAACACCAGTGGCGAAGGCGGCTTGCTGGACATTAACTGACGCTGAGGCGCGAAAGCGTGGGGAGCAAACAGG"
"182","seq.182","TACGTATGGTGCAAGCGTTATCCGGATTTACTGGGTGTAAAGGGAGCGTAGGCGGCGCGTTAAGTCTGATGTGAAAACCCGAGGCTCAACCACGGGAGTGCATTGGAAACTGGCGAGCTGGAGTGCCGGAGAGGTAAGCGGAATTCCTAGTGTAGCGGTGAAATGCGTAGATATTAGGAGGAACACCAGTGGCGAAGGCGGCTTACTGGACGGCAACTGACGCTGAGGCTCGAAAGCGTGGGGAGCAAACAGG"
"183","seq.183","TACGTAGGGGGCAAGCGTTATCCGGATTCACTGGGTGTAAAGGGAGCGTAGACGGCGAGACAAGTCTGGAGTGAAAGGCCGGGGCCCAACCCCGGGACTGCTCTGGAAACTGCCTGGCTGGAGTACAGGAGAGGTAAGTGGAATTCCTAGTGTAGCGGTGAAATGCGTAGATATTAGGAGGAACACCAGTGGCGAAGGCGGCTTACTGGACTGTAACTGACGTTGAGGCTCGAAAGCGTGGGGAGCAAACAGG"
"184","seq.184","TACGTAGGTGGCAAGCGTTGTCCGGATTTACTGGGTGTAAAGGGCGTGTAGCCGGGCTGACAAGTCAGATGTGAAATTCCGGGGCTCAACCCCGGACCTGCATTTGAAACTGTTGGTCTTGAGTATCGGAGAGGCAGGCGGAATTCCTAGTGTAGCGGTGAAATGCGTAGATATTAGGAGGAACACCAGTGGCGAAGGCGGCCTGCTGGACGACAACTGACGGTGAGGCGCGAAAGCGTGGGGAGCAAACAGG"
"185","seq.185","TACGTAGGGGGCAAGCGTTATCCGGATTTACTGGGTGTAAAGGGAGCGTAGACGGCATTGCAAGTCCGGAGTGAAAGCCCACGGCCCAACCGTGGGACTGCTCTGGAAACTGTAGAGCTGGAGTGCGGGAGGGGCAGGCGGAATTCCTAGTGTAGCGGTGAAATGCGTAGATATTAGGAGGAACACCGGCGGCGAAGGCGGCCTGCTGGACCGTAACTGACGTTGAGGCTCGAAAGCGTGGGGAGCAAACAGG"
"186","seq.186","TACGTAGGTGGCAAGCGTTGTCCGGAATTACTGGGTGTAAAGGGAGCGTAGGCGGGAAAGCAAGTTGAATGTTTAAGGTACGGGCTCAACCTGTACAAGCGTTCAAAACTGTTTTTCTTGAGTGGAGTAGAGGTAAGCGGAATTCCTAGTGTAGCGGTGAAATGCGTAAATATTAGGAGGAACACCAGTGGCGAAGGCGGCTTACTGGGCTTTAACTGACGCTGAGGCTCGAAAGCGTGGGTAGCAAACAGG"
"187","seq.187","TACGTAGGGGGCAAGCGTTATCCGGATTTACTGGGTGTAAAGGGGGCGCAGACGGCAATGCAAGCCAGGAGTGAAAGCCCGGGGCCCAACCCCGGGACTGCTCTTGGAACTGCATGGCTGGAGTACAGGAGGGGCAGGCGGAATTCCTAGTGTAGCGGTGAAATGCGTAGATATTAGGAGGAACACCGGTGGCGAAGGCGGCCTGCTGGACTGTGACTGACGTTGAGGCCCGAAGGCGTGGGGAGCAAACAGG"
"188","seq.188","TACGTATGGTGCAAGCGTTATCCGGATTTACTGGGTGTAAAGGGAGCGCAGGCGGTTCTGCAAGTCTGATGTGAAAGCCCGGGGCTCAACCGCGGGACTGCATTGGAAACTGCGGGACTGGAGTGTCGGAGGGGTAAGCGGAATTCCTGGTGTAGCGGTGAAATGCGTAGATATCAGGAGGAACACCGGTGGCGAAGGCGGCTTACTGGACGATGACTGACGCTGAGGCTCGAAAGCGTGGGGAGCAAACAGG"
"189","seq.189","TACGTAGGGGGCAAGCGTTATCCGGATTTACTGGGTGTAAAGGGAGCGTAGACGGCGGCGCAAGCCAGATGTGAAAGCCCGGGGCTCAACCCCGGGACTGCATTTGGAACTGTGCTGCTAGAGTGTCGGAGAGGCAGGCGGAATTCCTAGTGTAGCGGTGAAATGCGTAGATATTAGGAGGAACACCAGTGGCGAAGGCGGCCTGCTGGACGATGACTGACGTTGAGGCTCGAAAGCGTGGGGAGCAAACAGG"
"190","seq.190","GACAGAGGATGCAAGCGTTATCCGGAATGATTGGGCGTAAAGCGTCTGTAGGTGGCTTTTTAAGTTCGCCGTCAAATCCCAGGGCTCAACCCTGGACAGGCGGTGGAAACTACCAAGCTGGAGTACGGTAGGGGCAGAGGGAATTTCCGGTGGAGCGGTGAAATGCGTAGAGATCGGAAAGAACACCAACGGCGAAAGCACTCTGCTGGGCCGACACTGACACTGAGAGACGAAAGCTAGGGGAGCGAATGGG"
"191","seq.191","TACGTAGGGAGCAAGCGTTATCCGGATTTACTGGGTGTAAAGGGCGTGTAGGCGGGCATGCAAGCCAGAAGTGAAATCTGGGGGCTTAACCCCCAAACTGCTTTTGGAACTGCGTGTCTTGAGTGATGGAGAGGCAGGCGGAATTCCCAGTGTAGCGGTGAAATGCGTAGATATTGGGAGGAACACCAGTGGCGAAGGCGGCCTGCTGGACATTAACTGACGCTGAGGCGCGAAAGCGTGGGGAGCAAACAGG"
"192","seq.192","TACGTAGGGGGCAAGCGTTATCCGGATTCACTGGGTGTAAAGGGAGCGTAGACGGCGACGCAAGTCTGGAGTGAAAGCCCGGGGCCCAACCCCGGGACTGCTCTGGAAACTGCGCCGCTGGAGTACGGGAGGGGCAGGCGGAATTCCTGGTGTAGCGGTGAAATGCGTAGATATCAGGAGGAACACCGGCGGCGAAGGCGGCCTGCTGGACCGTGACTGACGTTGAGGCTCGAGAGCGTGGGGAGCAAACAGG"
"193","seq.193","TACAGAGGTCTCAAGCGTTGTTCGGAATCACTGGGCGTAAAGCGTGCGTAGGCTGTTTCGTAAGTCGTGTGTGAAAGGCGCGGGCTCAACCCGCGGACGGCACATGATACTGCGAGACTAGAGTAATGGAGGGGGAACCGGAATTCTCGGTGTAGCAGTGAAATGCGTAGATATCGAGAGGAACACTCGTGGCGAAGGCGGGTTCCTGGACATTAACTGACGCTGAGGCACGAAGGCCAGGGGAGCGAAAGGG"
"194","seq.194","TACGTAGGGGGCAAGCGTTATCCGGATTTACTGGGTGTAAAGGGAGCGTAGACGGCGATGCAAGCCAGATGTGAAAGCCCGCGGCTCAACTGCGGTAGTGCATTTGGAACTGTATGGCTGGAGTGCAGGAGAGGCAGGCGGAATTCCTAGTGTAGCGGTGAAATGCGTAGATATTAGGAGGAACACCAGTGGCGAAGGCGGCCTGCTGGACTGTAACTGACGTTGAGGCTCGAAAGCGTGGGGAGCAAACAGG"
"195","seq.195","TACGTAGGTCCCGAGCGTTGTCCGGATTTATTGGGCGTAAAGCGAGCGCAGGCGGTTAGATAAGTCTGAAGTTAAAGGCTGTGGCTTAACCATAGTAGGCTTTGGAAACTGTTTAACTTGAGTGCAAGAGGGGAGAGTGGAATTCCATGTGTAGCGGTGAAATGCGTAGATATATGGAGGAACACCGGTGGCGAAAGCGGCTCTCTGGCTTGTAACTGACGCTGAGGCTCGAAAGCGTGGGGAGCAAACAGG"
"196","seq.196","TACGTAGGGGGCAAGCGTTATCCGGATTTACTGGGTGTAAAGGGAGCGTAGGCGGCAAGGTAAGCCAGAAGTGAAAGCCCGTGGCTCAACTGCGGGACTGCTTTTGGAACTATCTAGCTAGATTGCAGGAGAGGTAAGTGGAATTCCTAGTGTAGCGGTGAAATGCGTAGATATTAGGAGGAACACCAGTGGCGAAGGCGGCTTACTGGACTGTAAATGACGCTGAGGCTCGAAAGCGTGGGGAGCAAACAGG"
"197","seq.197","TACGTAGGGAGCGAGCGTTGTCCGGAATTACTGGGTGTAAAGGGAGCGTAGGCGGGACTGCAAGTTGGGTGTCAAATCTACCGGCTCAACCGGTAGCCGCACTCAAAACTGCAGTTCTTGAGTGAAGTAGAGGCAGGCGGAATTCCTAGTGTAGCGGTGAAATGCGTAGATATTAGGAGGAACACCAGTGGCGAAGGCGGCCTGCTGGGCTTTTACTGACGCTGAGGCTCGAAAGTGTGGGGAGCAAACAGG"
"198","seq.198","TACGTAGGGGGCGAGCGTTATCCGGAATTACTGGGTGTAAAGGGAGCGTAGACGGCGAGGTAAGCCTGAAGTGGAAGCCCGCGGCCCAACCGCGGAACTGCTTTGGGAACTGTTTTGCTGGAGTATGGGAGGGGTAAGCGGAATTCCTGGTGTAGCGGTGAAATGCGTAGATATCAGGAGGAACACCGGTGGCGAAGGCGGCTTACTGGACCATAACTGACGTTGAGGCTCGAAAGCGTGGGGAGCGAACAGG"
"199","seq.199","TACGTAGGGAGCAAGCGTTATCCGGATTTATTGGGTGTAAAGGGTGCGTAGATGGATAAACAAGTTGTTTGTGAAATACCTCGGCTCAACTGAGGAACTGCAAGCAAAACTGTATATCTTGAGTACTGGAGGGGAAAGCGGAATTCCTAGTGTAGCGGTGAAATGCGTAGATATTAGGAAGAACACCGGTGGCGAAGGCGGCTTTCTGGACAGAAACTGACATTGAGGCACGAAAGTGTGGGGAGCAAACAGG"
"200","seq.200","TACGTATGGAGCAAGCGTTATCCGGATTTACTGGGTGTAAAGGGAGCGTAGGCGGTAAGGCAAGTCTGATGTGAAAGGCCAGGGCTCAACCCTGGGACTGCATTGGAAACTGTTTAACTGGAGTGTCGGAGAGGCAAGTGGAATTCCTAGTGTAGCGGTGAAATGCGTAGATATTAGGAGGAACACCAGTGGCGAAGGCGGCTTGCTGGACGATGACTGACGCTGAGGCTCGAAAGCGTGGGGAGCAAACAGG"
"201","seq.201","TACGTAGGTGGCAAGCGTTATCCGGATTTACTGGGTGTAAAGGGCGTGTAGGCGGGACTGCAAGTCAGATGTGAAACCCATGGGCTCAACCCATGGCCTGCATTTGAAACTGTAGTTCTTGAGTGATGGAGAGGCAGGCGGAATTCCGTGTGTAGCGGTGAAATGCGTAGATATACGGAGGAACACCAGTGGCGAAGGCGGCCTGCTGGACATTAACTGACGCTGAGGCGCGAAAGCGTGGGGAGCAAACAGG"
"202","seq.202","TACGTAGGTCCCGAGCGTTATCCGGATTTATTGGGCGTAAAGCGAGCGCAGGCGGTTGGATAAGTCTGAAGTTAAAGGCTGTGGCTCAACCATAGTATGCTTTGGAAACTGTTCAACTTGAGTGCAGAAGGGGAGAGTGGAATTCCATGTGTAGCGGTGGAATGCGTAGATATATGGAGGAACACCGGTGGCGAAAGCGGCTCTCTGGTCTGTAACTGACGCTGAGGCTCGAAAGCGTGGGTAGCGAACAGG"
"203","seq.203","TACGTAGGGGGCAAGCGTTATCCGGAATCACTGGGTGTAAAGGGAGCGTAGACGGCTGAGCAAGCCTGAAGTGAAAGGCGGGGGCCCAACCCCCGGACTGCTTTGGGAACTGTACGGCTGGAGTGCAGGAGAGGTAAGTGGAATTCCTAGTGTAGCGGTGAAATGCGTAGATATTAGGAGGAACACCAGTGGCGAAGGCGGCTTACTGGACTGTAACTGACGTTGAGGCTCGAAAGCGTGGGGAGCAAACAGG"
"204","seq.204","TACGTAGGGGGCGAGCGTTGTCCGGAATGACTGGGCGTAAAGGGAGTGTAGGCGGCTCTTTAAGTTATATGTGAAATCCCGCGGCTTAACCGTGGAAGTGCATATAAAACTGGGGAGCTGGAGTGCAGGAGAGGTGAGTGGAATTCCTAGTGTAGCGGTGGAATGCGTAGATATTAGGAAGAACACCGGTGGCGAAGGCGGCTCACTGGACTGTAACTGACGCTGAGGCTCGAAAGCGTGGGGAGCAAACAGG"
"205","seq.205","TACGTAGGGAGCGAGCGTTATCCGGATTTATTGGGTGTAAAGGGTGCGTAGACGGGGAATTAAGTTAGTTGTGAAATCCCAAGGCTCAACTTTGGAACTGCAACTAAAACTAATTTTCTTGAGTACTGGAGAGGAAAGTGGAATTCCTAGTGTAGCGGTGAAATGCGTAGATATTAGGAGGAACACCAGTGGCGAAGGCGACTTTCTGGACAGAAACTGACGTTGAGGCACGAAAGTGTGGGGAGCAAACAGG"
"206","seq.206","TACGTAGGGGGCGAGCGTTATCCGGATTCATTGGGCGTAAAGCGCGCGCAGGCGGACTCATAAGCGGAGCCTTTAATCTTGGGGCTTAACCTCAAGTCGGGCCCCGAACTGTGAGTCTCGAGTGTGGTAGGGGAAGGCGGAATTCCCGGTGTAGCGGTGGAATGCGCAGATATCGGGAAGAACACCGATGGCGAAGGCAGCCTTCTGGGCCATCACTGACGCTGAGGCGCGAAAGCTAGGGGAGCAAACAGG"
"207","seq.207","GACAGAGGATGCAAGCGTTATCCGGAATGATTGGGCGTAAAGCGTCTGTAGGTGGCTTTTCAAGTCCGCCGTCAAATCCCAGGGCTCAACCCTGGACAGGCGGTGGAAACTACCAAGCTGGAGTACGGTAGGGGCAGAGGGAATTTCCGGTGGAGCGGTGAAATGCATTGAGATCGGAAAGAACACCAACGGCGAAAGCACTCTGCTGGGCCGACACTGACACTGAGAGACGAAAGCTAGGGGAGCAAATGGG"
"208","seq.208","TACGTAGGTGGCAAGCGTTGTTCGGAATAACTGGGCGTAAAGGATGCGTAGGCGGTTAAACAAGTTATATGTTAAATATATAGGCTTAACCTGTAGAAAGCATATAAAACTGTTTAACTAGAGTGCAGGAGAGGTAAGTGGAATTCCTAGTGTAGCGGTGAAATGCGTAGAGATTAGGAAGAACACCAGTGGCGAAGGCGACTTACTGGACTGTAACTGACGCTGAGGCATGAGAGCATGGGGAGCAAACAGG"
"209","seq.209","TACGGAGGATCCGAGCATTATCCGGAGTGACTGGGTGTAAAGAGTTGCGTAGGTGGCATAGTAAGTAGCTAGTGAAATCTGGTGGCTCAACCATTCAGACTATTAGCTAAACTGCTAAGCTCGAGACCGTTAGGGGTAACTGGAATTTCTAGTGTAGGAGTGAAATCCGTAGATATTAGAAGGAACACCGATAGCGTAGGCAGGTTACTGGGACGGTTCTGACACTAAGGCACGAAAGCGTAGGGAGCAAACGGG"
"210","seq.210","TACGTAGGGGGCAAGCGTTATCCGGATTTACTGGGTGTAAAGGGAGCGTAGACGGCTAATCAAGTCAGAAGTGAAAACCCAGGGCTCAACTTTGGGACTGCTTTTGAAACTGAGTAGCTAGAGTGCAGGAGAGGTAAGCGGAATTCCTAGTGTAGCGGTGAAATGCGTAGATATTAGGAGGAACACCAGTGGCGAAGGCGGCTTACTGGACTGTAACTGACGTTGAGGCTCGAAAGCGTGGGGAGCAAACAGG"
"211","seq.211","TACGTAGGGGGCAAGCGTTATCCGGATTTACTGGGTGTAAAGGGAGCGTAGACGGCTGCGCAAGTCTGAAGTGAAAGCCCGGGGCTCAACCCCGGGACTGCTTTGGAAACTGTGTAGCTAGAGTGCTGGAGAGGCAAGCGGAATTCCTAGTGTAGCGGTGAAATGCGTAGATATTAGGAAGAACACCAGTGGCGAAGGCGGCTTGCTGGACAGTAACTGACGTTGAGGCTCGAAAGCGTGGGGAGCAAACAGG"
"212","seq.212","TACGTAGGGGGCAAGCGTTATCCGGATTTACTGGGTGTAAAGGGAGCGTAGGCGGCAGTGCAAGTCAGAAGTGAAAGCCCGGGGCTCAACTCCGGGACTGCTTTTGAAACTGTACAGCTTGATTGCAGGAGAGGCAAGTGGAATTCCTAGTGTAGCGGTGAAATGCGTAGATATTAGGAGGAACACCAGTGGCGAAGGCGGCTTGCTGGACTGTAAATGACGCTGAGGCTCGAAAGCGTGGGGAGCAAACAGG"
"213","seq.213","TACGTAGGGGGCGAGCGTTATCCGGATTTACTGGGTGTAAAGGGAGCGTAGACGGCTGGTCAAGTCTGAAGTGAAAGCCCGGGGCTTAACCCCGGAACGGTTTTGGAAACTGAGCAGCTAGAGTGCTGGAGAGGTAAGCGGAATTCCTAGTGTAGCGGTGAAATGCGTAGATATTAGGAGGAACACCAGTGGCGGAGGCGGCTTACTGGACAGTAACTGACGTTGAGGCTCGAAAGCGTGGGGAGCAAACAGG"
"214","seq.214","TACGTAGGTGGCGAGCGTTATCCGGAATTATTGGGCGTAAAGAGGGAGCAGGCGGCAGCTAAGGTCTGCGGTGAAAGCCCGAAGCTAAACTTCGGTAAGCCGTGGAAACCGAGCAGCTAGAGTGCAGTAGAGGATCGTGGAATTCCATGTGTAGCGGTGAAATGCGTAGATATATGGAGGAACACCAGTGGCGAAGGCGACGATCTGGGCTGCAACTGACGCTCAGTCCCGAAAGCGTGGGGAGCAAATAGG"
"215","seq.215","TACGGAGGGGGCAAGCGTTATCCGGATTTACTGGGTGTAAAGGGAGCGTAGGTGGCATGGCAAGCCAGAAGTGAAAACCCGGGGCTTAACCCCGCGGATTGCTTTTGGAACTGTCAGGCTGGAGTGCAGGAGGGGCAGGCGGAATTCCTGGTGTAGCGGTGAAATGCGTAGATATCAGGAGGAACACCGGTGGCGAAGGCGGCCTGCTGGACTGTAACTGACACTGAGGCTCGAAAGCGTGGGGAGCAAACAGG"
"216","seq.216","TACGTAGGTCCCGAGCGTTGTCCGGATTTATTGGGCGTAAAGCGAGCGCAGGCGGTTTGATAAGTCTGAAGTTAAAGGCTGTGGCTCAACCATAGTTCGCTTTGGAAACTGTCAAACTTGAGTGCAGAAGGGGAGAGTGGAATTCCATGTGTAGCGGTGAAATGCGTAGATATATGGAGGAACACCGGTGGCGAAAGCGGCTCTCTGGTCTGTAACTGACGCTGAGGCTCGAAAGCGTGGGGAGCGAACAGG"
"217","seq.217","TACGTAGGGAGCAAGCGTTATCCGGATTTATTGGGTGTAAAGGGTGCGTAGACGGGAATTTAAGTTAGTTGTGAAATCCCTCGGCTTAACTGAGGAACTGCAACTAAAACTGAATTTCTTGAGTGCGGGAGAGGAAAGTGGAATTCCTAGTGTAGCGGTGAAATGCGTAGATATTAGGAGGAACACCAGTGGCGAAGGCGACTTTCTGGACCGTAACTGACGTTGAGGCACGAAAGTGTGGGGAGCAAACAGG"
"218","seq.218","TACGTAGGTGGCAAGCGTTATCCGGATTTATTGGGTGTAAAGGGCGTGTAGGCGGGAAAGCAAGTCAGATGTGAAAACTCAGGGCTCAACCCTGAGCCTGCATTTGAAACTGTTTTTCTTGAGTGCTGGAGAGGCAATCGGAATTCCGTGTGTAGCGGTGAAATGCGTAGATATACGGAGGAACACCAGTGGCGAAGGCGGATTGCTGGACAGTAACTGACGCTGAGGCGCGAAAGCGTGGGGAGCAAACAGG"
"219","seq.219","TACGTAGGGGGCAAGCGTTATCCGGATTTACTGGGTGTAAAGGGTGCGTAGGTGGCAGGGCAAGTCAGATGTGAAAGCCCGGGGCTCAACCCCGGTACTGCATTTGAAACTGTCCAGCTGGAGTGCAGGAGAGGTAAGCGGAATTCCTAGTGTAGCGGTGAAATGCGTAGATATTAGGAGGAACACCAGTGGCGAAGGCGGCTTACTGGACTGTAACTGACACTGAGGCACGAAAGCGTGGGGAGCAAACAGG"
"220","seq.220","TACGTAGGGGGCAAGCGTTATCCGGATTTACTGGGTGTAAAGGGAGCGTAGGTGGCGTGCCAAGTCAGGAGTGAAAACCCAGGGCCCAACTCTGGGACTGCTCTTGAAACTGGCAGGCTTGAGTGCTGGAGAGGTAAGCGGAATTCCTAGTGTAGCGGTGAAATGCGTAGATATTAGGAGGAACACCAGTGGCGAAGGCGGCTTACTGGACAGTGACTGACACTGAGGCTCGAAAGCGTGGGGAGCAAACAGG"
"221","seq.221","GACAGAGGATGCAAGCGTTATCCGGAATGATTGGGCGTAAAGCGTCTGTAGGTGGCTTTTTAAGTCCGCCGTCAAATCCCAGGGCTCAACCCTGGACAGGCGGTGGAAACTACCAAGCTGGAGTACGGTAGGGGCAGAGGGAATTTCCGGTGGAGCGGTGAAATGCGTAGAGATCGGAAAGAACACCAACGGCGAAAGCACTCTGCTGGGCCGACACTGACACTGAGAGACGAAAGCTAGGGGAGCGAATGGG"
"222","seq.222","TACGTATGGAGCAAGCGTTATCCGGATTTACTGGGTGTAAAGGGAGCGCAGGCGGCATGGCAAGTCAGATGTGAAAGCCCGGGGCTCAACCCCGGGACTGCATTTGAAACTGTCAGGCTAGAGTGCAGGAGAGGCAGGCGGAATTCCTAGTGTAGCGGTGAAATGCGTAGATATTAGGAGGAACACCAGTGGCGAAGGCGGCCTGCTGGACTGTAACTGACGCTGAGGCTCGAAAGCGTGGGGAGCAAACAGG"
"223","seq.223","TACGTATGGTGCAAGCGTTATCCGGATTTACTGGGTGTAAAGGGAGCGTAGACGGCTGTGCAAGTCTGAAGTGAAAGGCCGGGGCCCAACCCCGGGAGTGCTTTGGAAACTGTGCGGCTAGAGTGTCGGAGAGGCAAGTGGAATTCCCAGTGTAGCGGTGAAATGCGTAGATATTGGGAGGAACACCAGTGGCGAAGGCGTCTTGCTGGACGATGACTGACGTTGAGGCTCGAAAGCGTGGGGAGCAAACAGG"
"224","seq.224","TACGTAGGGGGCGAGCGTTGTCCGGAATGACTGGGCGTAAAGGGAGTGTAGGCGGCCTTTTAAGTTATGTGTGAAAGCCCACGGCTCAACTGTGGAATTGCACATAAAACTGGGAGGCTGGAGTGCAGGAGAGGTAAGCGGAATTTCCAGTGTAGCGGTGGAATGCGTAGATATTGGGAAGAACACCGGAGGCGAAGGCGGCTTACTGGACTGTAACTGACGCTGAGGCTCGAAAGCGTGGGGAGCAAACAGG"
"225","seq.225","TACGTAGGTGGCGAGCGTTATCCGGATTTATTGGGCGTAAAGCGTGCGCAGGCGGTTTGTTAAGTCTAAAATCAAAGCCCGAAGCTTAACTTCGGTTCGTTTTAGAAACTGGCAGGCTTGAGTATGGTAGAGGCAAACGGAATTTCTAGTGTAGCGGTAAAATGCGTAGATATTAGAAGGAACACCAGTGGCGAAGGCGGTTTGCTGGGCCATTACTGACGCTCATGCACGAAAGCGTGGGGAGCAAATAGG"
"226","seq.226","TACGTAGGAGGCAAGCGTTATCCGGAATGACTGGGCGTAAAGGGTGCGTAGGTGGTTTGGCAAGTTAGTAGCGTAATTCCGGGGCTCAACTTCGGAACTACTACTAAAACTGCTGGGCTTGAGTGCAGGAGGGGCATATGGAATTCCTAGTGTAGCGGTGGAATGCGTAGATATTAGGAGGAACACCAGTGGCGAAGGCGATATGCTGGACTGTAACTGACACTGAGGCACGAAAGCGTGGGGAGCAAACAGG"
"227","seq.227","TACGTAGGGAGCGAGCGTTATCCGGATTTATTGGGTGTAAAGGGTGCGTAGACGGGAAATTAAGTTAGTTGTGAAATCCCTCGGCTCAACCGAGGAACTGCAACTAAAACTGATATTCTTGAGTACTGGAGAGGAAAGTGGAATTCCTAGTGTAGCGGTGAAATGCGTAGATATTAGGAGGAACACCAGTGGCGAAGGCGACTTTCTGGACAGAAACTGACGTTGAGGCACGAAAGTGTGGGGAGCAAACAGG"
"228","seq.228","TACGGAGGGGGCGAGCGTTATCCGGATTCATTGGGCGTAAAGCGCGCGTAGGCGGCCTGTTAGGTCGGGGGTCAAATACCGGGGCTCAACCCCGGTCCGCCCCCGATACCGGCAGGCTTGAGTCTGGTAGGGGAAGGCGGAATTCCCAGTGTAGCGGTGGAATGCGCAGATATTGGGAAGAACACCGGCGGCGAAGGCGGCCTTCTGGGCCACGACTGACGCTGAGGCGCGAAAGCTAGGGGAGCGAACAGG"
"229","seq.229","TACGTAGGGGGCGAGCGTTATCCGGATTTATTGGGCGTAAAGGGTGCGTAGGCGGTATGTTAAGTCTAAAATCAAAGCCCGAGGCTTAACCTCGGTTCGTTTTAGAAACTGGCAAACTAGAGTGCAGTAGAGGCAAGTGGAATTTCTAGTGTAGCGGTTAAATGCGTAGATATTAGAAGGAACACCAGTGGCGAAGGCGGCTTGCTGGGCTGTAACTGACGCTGAGGCACGAAAGCGTGGGGAGCAAATAGG"
